"","OBJECTID","gap_number","plot_id","Fd","ZONAL_UNIT","SS1","SS1_","SS2","SS2_","SS3","SS3_","SS_name","SI"
"1",1,111,"111_ 1",0,"IDFdk3",8,0.7,1,0.2,7,0.1,"FdPl - Pinegrass - Feathermoss",17.1
"2",2,205,"205_ 2",7000,"IDFdk3",1,1,NA,NA,NA,NA,NA,NA
"3",3,111,"111_ 3",0,"IDFdk3",8,0.7,1,0.2,7,0.1,"FdPl - Pinegrass - Feathermoss",17.1
"4",4,91,"91_ 4",1000,"IDFdk3",1,0.6,4,0.4,NA,NA,"Fd - Bluebunch wheatgrass - Needlegrass",12
"5",6,209,"209_ 6",0,"IDFdk3",1,1,NA,NA,NA,NA,NA,NA
"6",8,5,"5_ 8",0,"IDFdk3",1,0.6,4,0.4,NA,NA,"Fd - Bluebunch wheatgrass - Needlegrass",12
"7",9,20,"20_ 9",0,"IDFdk3",1,0.6,4,0.4,NA,NA,"Fd - Bluebunch wheatgrass - Needlegrass",12
"8",10,10,"10_ 10",1000,"IDFdk3",1,0.6,4,0.4,NA,NA,"Fd - Bluebunch wheatgrass - Needlegrass",12
"9",12,85,"85_ 12",0,"IDFdk3",1,1,NA,NA,NA,NA,NA,NA
"10",13,172,"172_ 13",0,"IDFdk3",9,1,NA,NA,NA,NA,NA,NA
"11",14,113,"113_ 14",0,"IDFdk3",1,0.8,8,0.2,NA,NA,"SxwFd - Prickly rose - Sarsaparilla",21.9
"12",15,131,"131_ 15",0,"IDFdk3",1,0.9,4,0.1,NA,NA,"Fd - Bluebunch wheatgrass - Needlegrass",12
"13",16,8,"8_ 16",0,"IDFdk3",8,0.6,1,0.3,4,0.1,"FdPl - Pinegrass - Feathermoss",17.1
"14",18,5,"5_ 18",9000,"IDFdk3",1,0.6,4,0.4,NA,NA,"Fd - Bluebunch wheatgrass - Needlegrass",12
"15",19,111,"111_ 19",1000,"IDFdk3",8,0.7,1,0.2,7,0.1,"FdPl - Pinegrass - Feathermoss",17.1
"16",20,20,"20_ 20",0,"IDFdk3",1,0.6,4,0.4,NA,NA,"Fd - Bluebunch wheatgrass - Needlegrass",12
"17",21,175,"175_ 21",7000,"IDFdk3",1,1,NA,NA,NA,NA,NA,NA
"18",25,126,"126_ 25",0,"IDFdk3",1,0.7,4,0.3,NA,NA,"Fd - Bluebunch wheatgrass - Needlegrass",12
"19",26,176,"176_ 26",0,"IDFdk3",1,1,NA,NA,NA,NA,NA,NA
"20",27,174,"174_ 27",0,"IDFdk3",5,0.8,8,0.2,NA,NA,"SxwFd - Prickly rose - Sarsaparilla",21.9
"21",28,193,"193_ 28",0,"IDFdk3",1,0.6,8,0.4,NA,NA,"SxwFd - Prickly rose - Sarsaparilla",21.9
"22",29,112,"112_ 29",0,"IDFdk3",1,0.8,8,0.2,NA,NA,"SxwFd - Prickly rose - Sarsaparilla",21.9
"23",30,94,"94_ 30",0,"IDFdk3",1,1,NA,NA,NA,NA,NA,NA
"24",31,175,"175_ 31",3000,"IDFdk3",1,1,NA,NA,NA,NA,NA,NA
"25",32,89,"89_ 32",1000,"IDFdk3",1,0.6,4,0.4,NA,NA,"Fd - Bluebunch wheatgrass - Needlegrass",12
"26",33,211,"211_ 33",31000,"IDFdk3",8,1,NA,NA,NA,NA,NA,NA
"27",34,5,"5_ 34",1000,"IDFdk3",1,0.6,4,0.4,NA,NA,"Fd - Bluebunch wheatgrass - Needlegrass",12
"28",35,141,"141_ 35",2000,"IDFdk3",1,0.9,4,0.1,NA,NA,"Fd - Bluebunch wheatgrass - Needlegrass",12
"29",36,115,"115_ 36",3000,"IDFdk3",5,0.5,1,0.4,8,0.1,"FdPl - Pinegrass - Feathermoss",17.1
"30",37,17,"17_ 37",16000,"IDFdk3",1,0.6,4,0.4,NA,NA,"Fd - Bluebunch wheatgrass - Needlegrass",12
"31",41,106,"106_ 41",2000,"IDFdk3",8,0.6,7,0.2,1,0.2,"SxwFd - Prickly rose - Sedge",20.2
"32",43,214,"214_ 43",0,"IDFdk3",1,1,NA,NA,NA,NA,NA,NA
"33",45,175,"175_ 45",0,"IDFdk3",1,1,NA,NA,NA,NA,NA,NA
"34",47,76,"76_ 47",2000,"IDFdk3",1,1,NA,NA,NA,NA,NA,NA
"35",48,204,"204_ 48",0,"IDFdk3",1,1,NA,NA,NA,NA,NA,NA
"36",49,125,"125_ 49",4000,"IDFdk3",1,0.7,4,0.3,NA,NA,"Fd - Bluebunch wheatgrass - Needlegrass",12
"37",51,173,"173_ 51",7000,"IDFdk3",7,0.8,5,0.1,8,0.1,"Fd - Feathermoss - Step moss",15
"38",52,94,"94_ 52",0,"IDFdk3",1,1,NA,NA,NA,NA,NA,NA
"39",53,216,"216_ 53",0,"IDFdk3",1,1,NA,NA,NA,NA,NA,NA
"40",54,114,"114_ 54",0,"IDFdk3",NA,NA,NA,NA,NA,NA,NA,NA
"41",56,114,"114_ 56",0,"IDFdk3",NA,NA,NA,NA,NA,NA,NA,NA
"42",57,119,"119_ 57",0,"IDFdk3",NA,NA,NA,NA,NA,NA,NA,NA
"43",59,2,"2_ 59",0,"IDFdk3",1,0.6,4,0.4,NA,NA,"Fd - Bluebunch wheatgrass - Needlegrass",12
"44",61,76,"76_ 61",6000,"IDFdk3",1,1,NA,NA,NA,NA,NA,NA
"45",62,200,"200_ 62",7000,"IDFdk3",1,0.8,8,0.2,NA,NA,"SxwFd - Prickly rose - Sarsaparilla",21.9
"46",63,155,"155_ 63",0,"IDFdk3",8,0.8,1,0.2,NA,NA,"FdPl - Pinegrass - Feathermoss",17.1
"47",64,109,"109_ 64",0,"IDFdk3",8,0.7,1,0.2,7,0.1,"FdPl - Pinegrass - Feathermoss",17.1
"48",66,185,"185_ 66",0,"IDFdk3",1,1,NA,NA,NA,NA,NA,NA
"49",67,170,"170_ 67",1000,"IDFdk3",5,1,NA,NA,NA,NA,NA,NA
"50",68,173,"173_ 68",0,"IDFdk3",5,0.8,8,0.2,NA,NA,"SxwFd - Prickly rose - Sarsaparilla",21.9
"51",69,211,"211_ 69",1000,"IDFdk3",1,1,NA,NA,NA,NA,NA,NA
"52",70,138,"138_ 70",32000,"IDFdk3",1,0.9,4,0.1,NA,NA,"Fd - Bluebunch wheatgrass - Needlegrass",12
"53",71,185,"185_ 71",0,"IDFdk3",1,1,NA,NA,NA,NA,NA,NA
"54",72,206,"206_ 72",4000,"IDFdk3",1,1,NA,NA,NA,NA,NA,NA
"55",75,31,"31_ 75",2000,"IDFdk3",1,0.6,4,0.4,NA,NA,"Fd - Bluebunch wheatgrass - Needlegrass",12
"56",76,127,"127_ 76",0,"IDFdk3",1,0.7,4,0.3,NA,NA,"Fd - Bluebunch wheatgrass - Needlegrass",12
"57",77,13,"13_ 77",0,"IDFdk3",1,0.6,4,0.4,NA,NA,"Fd - Bluebunch wheatgrass - Needlegrass",12
"58",78,5,"5_ 78",0,"IDFdk3",1,0.6,4,0.4,NA,NA,"Fd - Bluebunch wheatgrass - Needlegrass",12
"59",79,6,"6_ 79",1000,"IDFdk3",8,0.6,1,0.3,4,0.1,"FdPl - Pinegrass - Feathermoss",17.1
"60",80,81,"81_ 80",0,"IDFdk3",1,1,NA,NA,NA,NA,NA,NA
"61",81,8,"8_ 81",5000,"IDFdk3",8,0.6,1,0.3,4,0.1,"FdPl - Pinegrass - Feathermoss",17.1
"62",83,149,"149_ 83",0,"IDFdk3",1,0.6,4,0.4,NA,NA,"Fd - Bluebunch wheatgrass - Needlegrass",12
"63",84,237,"237_ 84",1000,"IDFdk3",1,1,NA,NA,NA,NA,NA,NA
"64",85,165,"165_ 85",0,"IDFdk3",10,1,NA,NA,NA,NA,NA,NA
"65",86,115,"115_ 86",0,"IDFdk3",1,0.8,8,0.2,NA,NA,"SxwFd - Prickly rose - Sarsaparilla",21.9
"66",87,134,"134_ 87",0,"IDFdk3",1,0.9,4,0.1,NA,NA,"Fd - Bluebunch wheatgrass - Needlegrass",12
"67",89,111,"111_ 89",0,"IDFdk3",8,0.7,1,0.2,7,0.1,"FdPl - Pinegrass - Feathermoss",17.1
"68",91,5,"5_ 91",0,"IDFdk3",1,0.6,4,0.4,NA,NA,"Fd - Bluebunch wheatgrass - Needlegrass",12
"69",92,138,"138_ 92",2000,"IDFdk3",1,0.9,4,0.1,NA,NA,"Fd - Bluebunch wheatgrass - Needlegrass",12
"70",93,5,"5_ 93",0,"IDFdk3",1,0.6,4,0.4,NA,NA,"Fd - Bluebunch wheatgrass - Needlegrass",12
"71",94,126,"126_ 94",2000,"IDFdk3",1,0.7,4,0.3,NA,NA,"Fd - Bluebunch wheatgrass - Needlegrass",12
"72",95,162,"162_ 95",0,"IDFdk3",1,1,NA,NA,NA,NA,NA,NA
"73",96,220,"220_ 96",1000,"IDFdk3",1,1,NA,NA,NA,NA,NA,NA
"74",97,226,"226_ 97",8000,"IDFdk3",1,1,NA,NA,NA,NA,NA,NA
"75",98,114,"114_ 98",0,"IDFdk3",NA,NA,NA,NA,NA,NA,NA,NA
"76",99,109,"109_ 99",0,"IDFdk3",1,0.9,5,0.1,NA,NA,"Fd - Feathermoss - Step moss",15
"77",101,115,"115_ 101",0,"IDFdk3",1,0.8,8,0.2,NA,NA,"SxwFd - Prickly rose - Sarsaparilla",21.9
"78",102,149,"149_ 102",0,"IDFdk3",1,0.6,4,0.4,NA,NA,"Fd - Bluebunch wheatgrass - Needlegrass",12
"79",104,155,"155_ 104",0,"IDFdk3",5,0.7,8,0.2,1,0.1,"SxwFd - Prickly rose - Sarsaparilla",21.9
"80",105,139,"139_ 105",1000,"IDFdk3",1,0.9,4,0.1,NA,NA,"Fd - Bluebunch wheatgrass - Needlegrass",12
"81",106,205,"205_ 106",2000,"IDFdk3",1,1,NA,NA,NA,NA,NA,NA
"82",107,105,"105_ 107",0,"IDFdk3",8,0.6,7,0.2,1,0.2,"SxwFd - Prickly rose - Sedge",20.2
"83",108,155,"155_ 108",0,"IDFdk3",8,0.8,1,0.2,NA,NA,"FdPl - Pinegrass - Feathermoss",17.1
"84",109,13,"13_ 109",0,"IDFdk3",1,0.6,4,0.4,NA,NA,"Fd - Bluebunch wheatgrass - Needlegrass",12
"85",110,105,"105_ 110",0,"IDFdk3",8,0.6,7,0.2,1,0.2,"SxwFd - Prickly rose - Sedge",20.2
"86",111,206,"206_ 111",1000,"IDFdk3",1,0.8,8,0.2,NA,NA,"SxwFd - Prickly rose - Sarsaparilla",21.9
"87",112,144,"144_ 112",1000,"IDFdk3",1,0.9,4,0.1,NA,NA,"Fd - Bluebunch wheatgrass - Needlegrass",12
"88",113,180,"180_ 113",3000,"IDFdk3",1,1,NA,NA,NA,NA,NA,NA
"89",114,90,"90_ 114",0,"IDFdk3",1,1,NA,NA,NA,NA,NA,NA
"90",115,160,"160_ 115",0,"IDFdk3",1,0.8,8,0.2,NA,NA,"SxwFd - Prickly rose - Sarsaparilla",21.9
"91",116,115,"115_ 116",0,"IDFdk3",5,0.7,8,0.2,1,0.1,"SxwFd - Prickly rose - Sarsaparilla",21.9
"92",117,185,"185_ 117",0,"IDFdk3",1,0.8,8,0.2,NA,NA,"SxwFd - Prickly rose - Sarsaparilla",21.9
"93",120,138,"138_ 120",0,"IDFdk3",1,0.9,4,0.1,NA,NA,"Fd - Bluebunch wheatgrass - Needlegrass",12
"94",121,188,"188_ 121",0,"IDFdk3",1,1,NA,NA,NA,NA,NA,NA
"95",122,167,"167_ 122",0,"IDFdk3",5,1,NA,NA,NA,NA,NA,NA
"96",123,76,"76_ 123",0,"IDFdk3",1,1,NA,NA,NA,NA,NA,NA
"97",124,216,"216_ 124",0,"IDFdk3",1,1,NA,NA,NA,NA,NA,NA
"98",125,176,"176_ 125",0,"IDFdk3",1,1,NA,NA,NA,NA,NA,NA
"99",126,95,"95_ 126",0,"IDFdk3",1,1,NA,NA,NA,NA,NA,NA
"100",127,8,"8_ 127",0,"IDFdk3",1,0.6,4,0.4,NA,NA,"Fd - Bluebunch wheatgrass - Needlegrass",12
"101",128,216,"216_ 128",0,"IDFdk3",1,1,NA,NA,NA,NA,NA,NA
"102",129,202,"202_ 129",0,"IDFdk3",1,1,NA,NA,NA,NA,NA,NA
"103",130,31,"31_ 130",1000,"IDFdk3",1,0.6,4,0.4,NA,NA,"Fd - Bluebunch wheatgrass - Needlegrass",12
"104",131,202,"202_ 131",5000,"IDFdk3",1,1,NA,NA,NA,NA,NA,NA
"105",132,115,"115_ 132",0,"IDFdk3",5,0.5,1,0.4,8,0.1,"FdPl - Pinegrass - Feathermoss",17.1
"106",135,123,"123_ 135",0,"IDFdk3",1,0.6,2,0.2,4,0.2,"Fd - Juniper - Kinnikinnick",12
"107",136,76,"76_ 136",0,"IDFdk3",1,1,NA,NA,NA,NA,NA,NA
"108",138,206,"206_ 138",0,"IDFdk3",1,1,NA,NA,NA,NA,NA,NA
"109",139,31,"31_ 139",0,"IDFdk3",1,0.6,4,0.4,NA,NA,"Fd - Bluebunch wheatgrass - Needlegrass",12
"110",141,211,"211_ 141",0,"IDFdk3",1,1,NA,NA,NA,NA,NA,NA
"111",142,185,"185_ 142",0,"IDFdk3",1,0.6,8,0.4,NA,NA,"SxwFd - Prickly rose - Sarsaparilla",21.9
"112",143,155,"155_ 143",0,"IDFdk3",8,0.8,1,0.2,NA,NA,"FdPl - Pinegrass - Feathermoss",17.1
"113",144,112,"112_ 144",0,"IDFdk3",1,0.8,8,0.2,NA,NA,"SxwFd - Prickly rose - Sarsaparilla",21.9
"114",145,150,"150_ 145",0,"IDFdk3",1,0.6,4,0.4,NA,NA,"Fd - Bluebunch wheatgrass - Needlegrass",12
"115",146,188,"188_ 146",1000,"IDFdk3",1,1,NA,NA,NA,NA,NA,NA
"116",147,17,"17_ 147",0,"IDFdk3",1,0.6,4,0.4,NA,NA,"Fd - Bluebunch wheatgrass - Needlegrass",12
"117",149,151,"151_ 149",0,"IDFdk3",8,0.8,5,0.2,NA,NA,"Fd - Feathermoss - Step moss",15
"118",150,231,"231_ 150",0,"IDFdk3",1,1,NA,NA,NA,NA,NA,NA
"119",152,115,"115_ 152",0,"IDFdk3",5,0.5,1,0.4,8,0.1,"FdPl - Pinegrass - Feathermoss",17.1
"120",153,178,"178_ 153",1000,"IDFdk3",1,1,NA,NA,NA,NA,NA,NA
"121",154,2,"2_ 154",11000,"IDFdk3",1,0.6,4,0.4,NA,NA,"Fd - Bluebunch wheatgrass - Needlegrass",12
"122",155,20,"20_ 155",10000,"IDFdk3",1,0.6,4,0.4,NA,NA,"Fd - Bluebunch wheatgrass - Needlegrass",12
"123",156,143,"143_ 156",3000,"IDFdk3",1,0.9,4,0.1,NA,NA,"Fd - Bluebunch wheatgrass - Needlegrass",12
"124",157,216,"216_ 157",6000,"IDFdk3",1,1,NA,NA,NA,NA,NA,NA
"125",158,132,"132_ 158",17000,"IDFdk3",1,0.9,4,0.1,NA,NA,"Fd - Bluebunch wheatgrass - Needlegrass",12
"126",159,217,"217_ 159",0,"IDFdk3",1,1,NA,NA,NA,NA,NA,NA
"127",161,176,"176_ 161",0,"IDFdk3",1,1,NA,NA,NA,NA,NA,NA
"128",162,175,"175_ 162",0,"IDFdk3",1,1,NA,NA,NA,NA,NA,NA
"129",163,5,"5_ 163",0,"IDFdk3",1,0.6,4,0.4,NA,NA,"Fd - Bluebunch wheatgrass - Needlegrass",12
"130",164,20,"20_ 164",0,"IDFdk3",1,0.6,4,0.4,NA,NA,"Fd - Bluebunch wheatgrass - Needlegrass",12
"131",165,192,"192_ 165",4000,"IDFdk3",1,1,NA,NA,NA,NA,NA,NA
"132",166,232,"232_ 166",0,"IDFdk3",1,1,NA,NA,NA,NA,NA,NA
"133",168,202,"202_ 168",3000,"IDFdk3",1,1,NA,NA,NA,NA,NA,NA
"134",169,217,"217_ 169",0,"IDFdk3",1,1,NA,NA,NA,NA,NA,NA
"135",171,199,"199_ 171",45000,"IDFdk3",1,1,NA,NA,NA,NA,NA,NA
"136",172,76,"76_ 172",0,"IDFdk3",1,1,NA,NA,NA,NA,NA,NA
"137",174,137,"137_ 174",0,"IDFdk3",1,0.9,4,0.1,NA,NA,"Fd - Bluebunch wheatgrass - Needlegrass",12
"138",176,85,"85_ 176",6000,"IDFdk3",1,1,NA,NA,NA,NA,NA,NA
"139",177,196,"196_ 177",0,"IDFdk3",1,1,NA,NA,NA,NA,NA,NA
"140",178,185,"185_ 178",2000,"IDFdk3",1,0.6,8,0.4,NA,NA,"SxwFd - Prickly rose - Sarsaparilla",21.9
"141",179,114,"114_ 179",0,"IDFdk3",NA,NA,NA,NA,NA,NA,NA,NA
"142",180,111,"111_ 180",0,"IDFdk3",1,0.8,8,0.2,NA,NA,"SxwFd - Prickly rose - Sarsaparilla",21.9
"143",181,155,"155_ 181",0,"IDFdk3",8,0.8,1,0.2,NA,NA,"FdPl - Pinegrass - Feathermoss",17.1
"144",184,202,"202_ 184",0,"IDFdk3",1,0.8,8,0.2,NA,NA,"SxwFd - Prickly rose - Sarsaparilla",21.9
"145",185,216,"216_ 185",0,"IDFdk3",1,1,NA,NA,NA,NA,NA,NA
"146",186,5,"5_ 186",1000,"IDFdk3",1,0.6,4,0.4,NA,NA,"Fd - Bluebunch wheatgrass - Needlegrass",12
"147",187,148,"148_ 187",0,"IDFdk3",8,0.8,5,0.2,NA,NA,"Fd - Feathermoss - Step moss",15
"148",188,225,"225_ 188",0,"IDFdk3",1,1,NA,NA,NA,NA,NA,NA
"149",189,20,"20_ 189",1000,"IDFdk3",1,0.6,4,0.4,NA,NA,"Fd - Bluebunch wheatgrass - Needlegrass",12
"150",190,185,"185_ 190",0,"IDFdk3",1,1,NA,NA,NA,NA,NA,NA
"151",191,4,"4_ 191",0,"IDFdk3",1,0.6,4,0.4,NA,NA,"Fd - Bluebunch wheatgrass - Needlegrass",12
"152",192,112,"112_ 192",0,"IDFdk3",1,0.8,8,0.2,NA,NA,"SxwFd - Prickly rose - Sarsaparilla",21.9
"153",193,127,"127_ 193",0,"IDFdk3",1,0.7,4,0.3,NA,NA,"Fd - Bluebunch wheatgrass - Needlegrass",12
"154",194,202,"202_ 194",0,"IDFdk3",1,0.8,8,0.2,NA,NA,"SxwFd - Prickly rose - Sarsaparilla",21.9
"155",195,177,"177_ 195",0,"IDFdk3",1,1,NA,NA,NA,NA,NA,NA
"156",196,105,"105_ 196",0,"IDFdk3",8,0.6,7,0.2,1,0.2,"SxwFd - Prickly rose - Sedge",20.2
"157",197,160,"160_ 197",0,"IDFdk3",1,0.8,8,0.2,NA,NA,"SxwFd - Prickly rose - Sarsaparilla",21.9
"158",200,175,"175_ 200",0,"IDFdk3",1,1,NA,NA,NA,NA,NA,NA
"159",201,174,"174_ 201",0,"IDFdk3",5,0.8,8,0.2,NA,NA,"SxwFd - Prickly rose - Sarsaparilla",21.9
"160",202,118,"118_ 202",0,"IDFdk3",5,0.5,1,0.4,8,0.1,"FdPl - Pinegrass - Feathermoss",17.1
"161",203,17,"17_ 203",0,"IDFdk3",1,0.6,4,0.4,NA,NA,"Fd - Bluebunch wheatgrass - Needlegrass",12
"162",204,7,"7_ 204",1000,"IDFdk3",1,0.6,4,0.4,NA,NA,"Fd - Bluebunch wheatgrass - Needlegrass",12
"163",205,90,"90_ 205",5000,"IDFdk3",1,1,NA,NA,NA,NA,NA,NA
"164",206,85,"85_ 206",0,"IDFdk3",1,1,NA,NA,NA,NA,NA,NA
"165",208,238,"238_ 208",3000,"IDFdk3",1,1,NA,NA,NA,NA,NA,NA
"166",209,236,"236_ 209",0,"IDFdk3",1,1,NA,NA,NA,NA,NA,NA
"167",210,175,"175_ 210",5000,"IDFdk3",1,1,NA,NA,NA,NA,NA,NA
"168",211,205,"205_ 211",2000,"IDFdk3",1,1,NA,NA,NA,NA,NA,NA
"169",212,225,"225_ 212",1000,"IDFdk3",1,1,NA,NA,NA,NA,NA,NA
"170",214,135,"135_ 214",0,"IDFdk3",1,0.9,4,0.1,NA,NA,"Fd - Bluebunch wheatgrass - Needlegrass",12
"171",215,193,"193_ 215",2000,"IDFdk3",1,0.6,8,0.4,NA,NA,"SxwFd - Prickly rose - Sarsaparilla",21.9
"172",217,119,"119_ 217",1000,"IDFdk3",NA,NA,NA,NA,NA,NA,NA,NA
"173",218,119,"119_ 218",2000,"IDFdk3",1,0.7,4,0.3,NA,NA,"Fd - Bluebunch wheatgrass - Needlegrass",12
"174",219,5,"5_ 219",0,"IDFdk3",1,0.6,4,0.4,NA,NA,"Fd - Bluebunch wheatgrass - Needlegrass",12
"175",221,5,"5_ 221",1000,"IDFdk3",1,0.6,4,0.4,NA,NA,"Fd - Bluebunch wheatgrass - Needlegrass",12
"176",222,220,"220_ 222",13000,"IDFdk3",1,1,NA,NA,NA,NA,NA,NA
"177",223,9,"9_ 223",0,"IDFdk3",1,0.6,4,0.4,NA,NA,"Fd - Bluebunch wheatgrass - Needlegrass",12
"178",224,95,"95_ 224",2000,"IDFdk3",1,1,NA,NA,NA,NA,NA,NA
"179",226,177,"177_ 226",0,"IDFdk3",1,1,NA,NA,NA,NA,NA,NA
"180",227,175,"175_ 227",0,"IDFdk3",1,1,NA,NA,NA,NA,NA,NA
"181",228,176,"176_ 228",0,"IDFdk3",1,1,NA,NA,NA,NA,NA,NA
"182",229,162,"162_ 229",0,"IDFdk3",1,1,NA,NA,NA,NA,NA,NA
"183",231,115,"115_ 231",12000,"IDFdk3",5,0.5,1,0.4,8,0.1,"FdPl - Pinegrass - Feathermoss",17.1
"184",233,75,"75_ 233",6000,"IDFdk3",1,1,NA,NA,NA,NA,NA,NA
"185",235,20,"20_ 235",5000,"IDFdk3",1,0.6,4,0.4,NA,NA,"Fd - Bluebunch wheatgrass - Needlegrass",12
"186",237,205,"205_ 237",2000,"IDFdk3",1,1,NA,NA,NA,NA,NA,NA
"187",238,2,"2_ 238",1000,"IDFdk3",1,0.6,4,0.4,NA,NA,"Fd - Bluebunch wheatgrass - Needlegrass",12
"188",239,20,"20_ 239",10000,"IDFdk3",1,0.6,4,0.4,NA,NA,"Fd - Bluebunch wheatgrass - Needlegrass",12
"189",240,220,"220_ 240",0,"IDFdk3",1,1,NA,NA,NA,NA,NA,NA
"190",242,170,"170_ 242",30000,"IDFdk3",5,1,NA,NA,NA,NA,NA,NA
"191",243,218,"218_ 243",7000,"IDFdk3",1,1,NA,NA,NA,NA,NA,NA
"192",244,124,"124_ 244",0,"IDFdk3",5,0.7,8,0.2,1,0.1,"SxwFd - Prickly rose - Sarsaparilla",21.9
"193",245,203,"203_ 245",2000,"IDFdk3",1,1,NA,NA,NA,NA,NA,NA
"194",246,216,"216_ 246",3000,"IDFdk3",1,1,NA,NA,NA,NA,NA,NA
"195",248,196,"196_ 248",0,"IDFdk3",8,1,NA,NA,NA,NA,NA,NA
"196",249,149,"149_ 249",0,"IDFdk3",1,0.6,4,0.4,NA,NA,"Fd - Bluebunch wheatgrass - Needlegrass",12
"197",250,189,"189_ 250",10000,"IDFdk3",1,0.8,8,0.2,NA,NA,"SxwFd - Prickly rose - Sarsaparilla",21.9
"198",251,115,"115_ 251",2000,"IDFdk3",5,0.5,1,0.4,8,0.1,"FdPl - Pinegrass - Feathermoss",17.1
"199",252,76,"76_ 252",0,"IDFdk3",1,1,NA,NA,NA,NA,NA,NA
"200",254,108,"108_ 254",1000,"IDFdk3",8,0.5,1,0.3,7,0.2,"FdPl - Pinegrass - Feathermoss",17.1
"201",255,147,"147_ 255",11000,"IDFdk3",8,0.5,4,0.3,5,0.2,"Fd - Bluebunch wheatgrass - Needlegrass",12
"202",257,202,"202_ 257",0,"IDFdk3",1,0.8,8,0.2,NA,NA,"SxwFd - Prickly rose - Sarsaparilla",21.9
"203",258,76,"76_ 258",10000,"IDFdk3",1,1,NA,NA,NA,NA,NA,NA
"204",259,118,"118_ 259",0,"IDFdk3",5,0.5,1,0.4,8,0.1,"FdPl - Pinegrass - Feathermoss",17.1
"205",260,134,"134_ 260",1000,"IDFdk3",1,0.9,4,0.1,NA,NA,"Fd - Bluebunch wheatgrass - Needlegrass",12
"206",261,5,"5_ 261",0,"IDFdk3",8,0.6,1,0.3,4,0.1,"FdPl - Pinegrass - Feathermoss",17.1
"207",262,176,"176_ 262",0,"IDFdk3",1,1,NA,NA,NA,NA,NA,NA
"208",263,173,"173_ 263",1000,"IDFdk3",7,0.8,5,0.1,8,0.1,"Fd - Feathermoss - Step moss",15
"209",264,180,"180_ 264",10000,"IDFdk3",1,1,NA,NA,NA,NA,NA,NA
"210",265,226,"226_ 265",19000,"IDFdk3",1,1,NA,NA,NA,NA,NA,NA
"211",266,88,"88_ 266",23000,"IDFdk3",1,1,NA,NA,NA,NA,NA,NA
"212",267,105,"105_ 267",0,"IDFdk3",8,0.6,7,0.2,1,0.2,"SxwFd - Prickly rose - Sedge",20.2
"213",268,172,"172_ 268",57000,"IDFdk3",NA,NA,NA,NA,NA,NA,NA,NA
"214",269,76,"76_ 269",9000,"IDFdk3",1,1,NA,NA,NA,NA,NA,NA
"215",270,115,"115_ 270",4000,"IDFdk3",5,0.5,1,0.4,8,0.1,"FdPl - Pinegrass - Feathermoss",17.1
"216",272,111,"111_ 272",0,"IDFdk3",8,0.7,1,0.2,7,0.1,"FdPl - Pinegrass - Feathermoss",17.1
"217",274,220,"220_ 274",0,"IDFdk3",1,1,NA,NA,NA,NA,NA,NA
"218",275,133,"133_ 275",0,"IDFdk3",1,0.9,4,0.1,NA,NA,"Fd - Bluebunch wheatgrass - Needlegrass",12
"219",276,230,"230_ 276",11000,"IDFdk3",1,1,NA,NA,NA,NA,NA,NA
"220",277,185,"185_ 277",2000,"IDFdk3",1,1,NA,NA,NA,NA,NA,NA
"221",278,112,"112_ 278",4000,"IDFdk3",1,0.8,8,0.2,NA,NA,"SxwFd - Prickly rose - Sarsaparilla",21.9
"222",279,126,"126_ 279",5000,"IDFdk3",1,0.7,4,0.3,NA,NA,"Fd - Bluebunch wheatgrass - Needlegrass",12
"223",280,17,"17_ 280",0,"IDFdk3",1,0.6,4,0.4,NA,NA,"Fd - Bluebunch wheatgrass - Needlegrass",12
"224",281,2,"2_ 281",0,"IDFdk3",1,0.6,4,0.4,NA,NA,"Fd - Bluebunch wheatgrass - Needlegrass",12
"225",282,73,"73_ 282",4000,"IDFdk3",1,1,NA,NA,NA,NA,NA,NA
"226",283,211,"211_ 283",4000,"IDFdk3",1,1,NA,NA,NA,NA,NA,NA
"227",284,189,"189_ 284",0,"IDFdk3",1,0.8,8,0.2,NA,NA,"SxwFd - Prickly rose - Sarsaparilla",21.9
"228",285,174,"174_ 285",0,"IDFdk3",5,0.8,8,0.2,NA,NA,"SxwFd - Prickly rose - Sarsaparilla",21.9
"229",286,196,"196_ 286",7000,"IDFdk3",8,1,NA,NA,NA,NA,NA,NA
"230",288,202,"202_ 288",0,"IDFdk3",1,1,NA,NA,NA,NA,NA,NA
"231",289,149,"149_ 289",1000,"IDFdk3",1,0.6,4,0.4,NA,NA,"Fd - Bluebunch wheatgrass - Needlegrass",12
"232",290,115,"115_ 290",2000,"IDFdk3",5,0.5,1,0.4,8,0.1,"FdPl - Pinegrass - Feathermoss",17.1
"233",291,174,"174_ 291",0,"IDFdk3",5,0.8,8,0.2,NA,NA,"SxwFd - Prickly rose - Sarsaparilla",21.9
"234",292,2,"2_ 292",0,"IDFdk3",1,0.6,4,0.4,NA,NA,"Fd - Bluebunch wheatgrass - Needlegrass",12
"235",294,118,"118_ 294",0,"IDFdk3",5,0.5,1,0.4,8,0.1,"FdPl - Pinegrass - Feathermoss",17.1
"236",295,163,"163_ 295",0,"IDFdk3",1,0.8,8,0.2,NA,NA,"SxwFd - Prickly rose - Sarsaparilla",21.9
"237",296,173,"173_ 296",0,"IDFdk3",7,0.8,5,0.1,8,0.1,"Fd - Feathermoss - Step moss",15
"238",297,185,"185_ 297",2000,"IDFdk3",1,1,NA,NA,NA,NA,NA,NA
"239",298,83,"83_ 298",0,"IDFdk3",1,1,NA,NA,NA,NA,NA,NA
"240",299,155,"155_ 299",0,"IDFdk3",8,0.8,1,0.2,NA,NA,"FdPl - Pinegrass - Feathermoss",17.1
"241",300,114,"114_ 300",0,"IDFdk3",NA,NA,NA,NA,NA,NA,NA,NA
"242",301,169,"169_ 301",1000,"IDFdk3",8,1,NA,NA,NA,NA,NA,NA
"243",302,123,"123_ 302",0,"IDFdk3",1,1,NA,NA,NA,NA,NA,NA
"244",303,118,"118_ 303",0,"IDFdk3",5,0.5,1,0.4,8,0.1,"FdPl - Pinegrass - Feathermoss",17.1
"245",304,21,"21_ 304",0,"IDFdk3",1,0.6,4,0.4,NA,NA,"Fd - Bluebunch wheatgrass - Needlegrass",12
"246",306,184,"184_ 306",0,"IDFdk3",1,1,NA,NA,NA,NA,NA,NA
"247",307,202,"202_ 307",0,"IDFdk3",1,0.8,8,0.2,NA,NA,"SxwFd - Prickly rose - Sarsaparilla",21.9
"248",309,169,"169_ 309",1000,"IDFdk3",8,1,NA,NA,NA,NA,NA,NA
"249",310,194,"194_ 310",0,"IDFdk3",1,1,NA,NA,NA,NA,NA,NA
"250",311,180,"180_ 311",9000,"IDFdk3",1,0.8,8,0.2,NA,NA,"SxwFd - Prickly rose - Sarsaparilla",21.9
"251",312,20,"20_ 312",3000,"IDFdk3",1,0.6,4,0.4,NA,NA,"Fd - Bluebunch wheatgrass - Needlegrass",12
"252",313,196,"196_ 313",14000,"IDFdk3",8,1,NA,NA,NA,NA,NA,NA
"253",314,111,"111_ 314",4000,"IDFdk3",8,0.7,1,0.2,7,0.1,"FdPl - Pinegrass - Feathermoss",17.1
"254",315,115,"115_ 315",0,"IDFdk3",5,0.5,1,0.4,8,0.1,"FdPl - Pinegrass - Feathermoss",17.1
"255",316,239,"239_ 316",12000,"IDFdk3",1,1,NA,NA,NA,NA,NA,NA
"256",317,2,"2_ 317",1000,"IDFdk3",1,0.6,4,0.4,NA,NA,"Fd - Bluebunch wheatgrass - Needlegrass",12
"257",318,230,"230_ 318",2000,"IDFdk3",1,1,NA,NA,NA,NA,NA,NA
"258",319,206,"206_ 319",2000,"IDFdk3",1,1,NA,NA,NA,NA,NA,NA
"259",320,178,"178_ 320",8000,"IDFdk3",1,1,NA,NA,NA,NA,NA,NA
"260",322,216,"216_ 322",14000,"IDFdk3",1,1,NA,NA,NA,NA,NA,NA
"261",323,210,"210_ 323",2000,"IDFdk3",NA,NA,NA,NA,NA,NA,NA,NA
"262",324,20,"20_ 324",1000,"IDFdk3",1,0.6,4,0.4,NA,NA,"Fd - Bluebunch wheatgrass - Needlegrass",12
"263",326,172,"172_ 326",1000,"IDFdk3",NA,NA,NA,NA,NA,NA,NA,NA
"264",327,76,"76_ 327",39000,"IDFdk3",1,1,NA,NA,NA,NA,NA,NA
"265",328,174,"174_ 328",5000,"IDFdk3",5,0.8,8,0.2,NA,NA,"SxwFd - Prickly rose - Sarsaparilla",21.9
"266",329,200,"200_ 329",1000,"IDFdk3",1,1,NA,NA,NA,NA,NA,NA
"267",330,2,"2_ 330",9000,"IDFdk3",1,0.6,4,0.4,NA,NA,"Fd - Bluebunch wheatgrass - Needlegrass",12
"268",332,170,"170_ 332",1000,"IDFdk3",5,1,NA,NA,NA,NA,NA,NA
"269",333,5,"5_ 333",0,"IDFdk3",8,0.6,1,0.3,4,0.1,"FdPl - Pinegrass - Feathermoss",17.1
"270",334,134,"134_ 334",0,"IDFdk3",1,0.9,4,0.1,NA,NA,"Fd - Bluebunch wheatgrass - Needlegrass",12
"271",336,19,"19_ 336",0,"IDFdk3",1,0.6,4,0.4,NA,NA,"Fd - Bluebunch wheatgrass - Needlegrass",12
"272",337,114,"114_ 337",8000,"IDFdk3",NA,NA,NA,NA,NA,NA,NA,NA
"273",338,151,"151_ 338",7000,"IDFdk3",8,0.5,4,0.3,5,0.2,"Fd - Bluebunch wheatgrass - Needlegrass",12
"274",339,76,"76_ 339",0,"IDFdk3",1,1,NA,NA,NA,NA,NA,NA
"275",340,235,"235_ 340",17000,"IDFdk3",1,1,NA,NA,NA,NA,NA,NA
"276",341,175,"175_ 341",6000,"IDFdk3",1,1,NA,NA,NA,NA,NA,NA
"277",342,136,"136_ 342",2000,"IDFdk3",1,0.9,4,0.1,NA,NA,"Fd - Bluebunch wheatgrass - Needlegrass",12
"278",343,133,"133_ 343",4000,"IDFdk3",1,0.9,4,0.1,NA,NA,"Fd - Bluebunch wheatgrass - Needlegrass",12
"279",344,216,"216_ 344",6000,"IDFdk3",1,1,NA,NA,NA,NA,NA,NA
"280",346,148,"148_ 346",6000,"IDFdk3",1,0.9,4,0.1,NA,NA,"Fd - Bluebunch wheatgrass - Needlegrass",12
"281",347,113,"113_ 347",0,"IDFdk3",1,0.8,8,0.2,NA,NA,"SxwFd - Prickly rose - Sarsaparilla",21.9
"282",348,105,"105_ 348",4000,"IDFdk3",8,0.6,7,0.2,1,0.2,"SxwFd - Prickly rose - Sedge",20.2
"283",350,151,"151_ 350",5000,"IDFdk3",8,0.5,4,0.3,5,0.2,"Fd - Bluebunch wheatgrass - Needlegrass",12
"284",351,185,"185_ 351",28000,"IDFdk3",1,0.6,8,0.4,NA,NA,"SxwFd - Prickly rose - Sarsaparilla",21.9
"285",352,148,"148_ 352",9000,"IDFdk3",1,0.9,4,0.1,NA,NA,"Fd - Bluebunch wheatgrass - Needlegrass",12
"286",353,115,"115_ 353",8000,"IDFdk3",5,0.5,1,0.4,8,0.1,"FdPl - Pinegrass - Feathermoss",17.1
"287",354,156,"156_ 354",18000,"IDFdk3",8,0.8,1,0.2,NA,NA,"FdPl - Pinegrass - Feathermoss",17.1
"288",355,201,"201_ 355",27000,"IDFdk3",1,1,NA,NA,NA,NA,NA,NA
"289",356,213,"213_ 356",2000,"IDFdk3",1,1,NA,NA,NA,NA,NA,NA
"290",358,144,"144_ 358",0,"IDFdk3",1,0.9,4,0.1,NA,NA,"Fd - Bluebunch wheatgrass - Needlegrass",12
"291",359,76,"76_ 359",3000,"IDFdk3",1,1,NA,NA,NA,NA,NA,NA
"292",360,94,"94_ 360",0,"IDFdk3",1,1,NA,NA,NA,NA,NA,NA
"293",363,183,"183_ 363",6000,"IDFdk3",1,1,NA,NA,NA,NA,NA,NA
"294",364,201,"201_ 364",27000,"IDFdk3",1,1,NA,NA,NA,NA,NA,NA
"295",365,194,"194_ 365",0,"IDFdk3",1,1,NA,NA,NA,NA,NA,NA
"296",366,114,"114_ 366",2000,"IDFdk3",NA,NA,NA,NA,NA,NA,NA,NA
"297",367,76,"76_ 367",25000,"IDFdk3",1,1,NA,NA,NA,NA,NA,NA
"298",368,182,"182_ 368",0,"IDFdk3",7,0.8,5,0.1,8,0.1,"Fd - Feathermoss - Step moss",15
"299",369,155,"155_ 369",1000,"IDFdk3",8,0.8,1,0.2,NA,NA,"FdPl - Pinegrass - Feathermoss",17.1
"300",370,225,"225_ 370",0,"IDFdk3",1,1,NA,NA,NA,NA,NA,NA
"301",371,223,"223_ 371",0,"IDFdk3",1,1,NA,NA,NA,NA,NA,NA
"302",373,160,"160_ 373",2000,"IDFdk3",1,0.8,8,0.2,NA,NA,"SxwFd - Prickly rose - Sarsaparilla",21.9
"303",375,88,"88_ 375",0,"IDFdk3",1,1,NA,NA,NA,NA,NA,NA
"304",376,134,"134_ 376",1000,"IDFdk3",1,0.9,4,0.1,NA,NA,"Fd - Bluebunch wheatgrass - Needlegrass",12
"305",377,21,"21_ 377",3000,"IDFdk3",1,0.6,4,0.4,NA,NA,"Fd - Bluebunch wheatgrass - Needlegrass",12
"306",378,220,"220_ 378",0,"IDFdk3",1,1,NA,NA,NA,NA,NA,NA
"307",379,216,"216_ 379",1000,"IDFdk3",1,1,NA,NA,NA,NA,NA,NA
"308",380,134,"134_ 380",19000,"IDFdk3",1,0.9,4,0.1,NA,NA,"Fd - Bluebunch wheatgrass - Needlegrass",12
"309",381,175,"175_ 381",3000,"IDFdk3",1,1,NA,NA,NA,NA,NA,NA
"310",382,12,"12_ 382",0,"IDFdk3",1,0.6,4,0.4,NA,NA,"Fd - Bluebunch wheatgrass - Needlegrass",12
"311",383,239,"239_ 383",3000,"IDFdk3",1,1,NA,NA,NA,NA,NA,NA
"312",384,107,"107_ 384",6000,"IDFdk3",NA,NA,NA,NA,NA,NA,NA,NA
"313",385,8,"8_ 385",0,"IDFdk3",8,0.6,1,0.3,4,0.1,"FdPl - Pinegrass - Feathermoss",17.1
"314",386,199,"199_ 386",1000,"IDFdk3",1,1,NA,NA,NA,NA,NA,NA
"315",387,125,"125_ 387",2000,"IDFdk3",1,0.7,4,0.3,NA,NA,"Fd - Bluebunch wheatgrass - Needlegrass",12
"316",388,112,"112_ 388",8000,"IDFdk3",1,0.8,8,0.2,NA,NA,"SxwFd - Prickly rose - Sarsaparilla",21.9
"317",389,8,"8_ 389",0,"IDFdk3",1,0.6,4,0.4,NA,NA,"Fd - Bluebunch wheatgrass - Needlegrass",12
"318",390,35,"35_ 390",1000,"IDFdk3",1,0.6,4,0.4,NA,NA,"Fd - Bluebunch wheatgrass - Needlegrass",12
"319",391,105,"105_ 391",9000,"IDFdk3",8,0.6,7,0.2,1,0.2,"SxwFd - Prickly rose - Sedge",20.2
"320",392,233,"233_ 392",3000,"IDFdk3",1,1,NA,NA,NA,NA,NA,NA
"321",393,111,"111_ 393",1000,"IDFdk3",1,0.8,8,0.2,NA,NA,"SxwFd - Prickly rose - Sarsaparilla",21.9
"322",394,111,"111_ 394",3000,"IDFdk3",8,0.7,1,0.2,7,0.1,"FdPl - Pinegrass - Feathermoss",17.1
"323",396,167,"167_ 396",4000,"IDFdk3",5,1,NA,NA,NA,NA,NA,NA
"324",399,228,"228_ 399",0,"IDFdk3",1,1,NA,NA,NA,NA,NA,NA
"325",401,204,"204_ 401",9000,"IDFdk3",1,1,NA,NA,NA,NA,NA,NA
"326",404,197,"197_ 404",0,"IDFdk3",1,1,NA,NA,NA,NA,NA,NA
"327",405,140,"140_ 405",3000,"IDFdk3",1,0.9,4,0.1,NA,NA,"Fd - Bluebunch wheatgrass - Needlegrass",12
"328",406,229,"229_ 406",0,"IDFdk3",1,1,NA,NA,NA,NA,NA,NA
"329",408,87,"87_ 408",1000,"IDFdk3",1,1,NA,NA,NA,NA,NA,NA
"330",409,5,"5_ 409",0,"IDFdk3",1,0.6,4,0.4,NA,NA,"Fd - Bluebunch wheatgrass - Needlegrass",12
"331",410,172,"172_ 410",2000,"IDFdk3",9,1,NA,NA,NA,NA,NA,NA
"332",411,220,"220_ 411",0,"IDFdk3",1,1,NA,NA,NA,NA,NA,NA
"333",412,81,"81_ 412",1000,"IDFdk3",1,1,NA,NA,NA,NA,NA,NA
"334",413,111,"111_ 413",0,"IDFdk3",8,0.7,1,0.2,7,0.1,"FdPl - Pinegrass - Feathermoss",17.1
"335",414,187,"187_ 414",0,"IDFdk3",7,0.8,5,0.1,8,0.1,"Fd - Feathermoss - Step moss",15
"336",415,5,"5_ 415",3000,"IDFdk3",1,0.6,4,0.4,NA,NA,"Fd - Bluebunch wheatgrass - Needlegrass",12
"337",417,92,"92_ 417",0,"IDFdk3",1,0.6,4,0.4,NA,NA,"Fd - Bluebunch wheatgrass - Needlegrass",12
"338",418,105,"105_ 418",0,"IDFdk3",8,0.6,7,0.2,1,0.2,"SxwFd - Prickly rose - Sedge",20.2
"339",419,115,"115_ 419",0,"IDFdk3",5,0.5,1,0.4,8,0.1,"FdPl - Pinegrass - Feathermoss",17.1
"340",420,5,"5_ 420",0,"IDFdk3",1,0.6,4,0.4,NA,NA,"Fd - Bluebunch wheatgrass - Needlegrass",12
"341",421,112,"112_ 421",0,"IDFdk3",8,0.7,1,0.2,7,0.1,"FdPl - Pinegrass - Feathermoss",17.1
"342",422,213,"213_ 422",0,"IDFdk3",1,1,NA,NA,NA,NA,NA,NA
"343",423,202,"202_ 423",0,"IDFdk3",1,1,NA,NA,NA,NA,NA,NA
"344",424,196,"196_ 424",0,"IDFdk3",8,1,NA,NA,NA,NA,NA,NA
"345",425,111,"111_ 425",0,"IDFdk3",8,0.7,1,0.2,7,0.1,"FdPl - Pinegrass - Feathermoss",17.1
"346",427,142,"142_ 427",5000,"IDFdk3",1,0.9,4,0.1,NA,NA,"Fd - Bluebunch wheatgrass - Needlegrass",12
"347",428,20,"20_ 428",0,"IDFdk3",1,0.6,4,0.4,NA,NA,"Fd - Bluebunch wheatgrass - Needlegrass",12
"348",429,31,"31_ 429",0,"IDFdk3",1,0.6,4,0.4,NA,NA,"Fd - Bluebunch wheatgrass - Needlegrass",12
"349",430,134,"134_ 430",0,"IDFdk3",1,0.9,4,0.1,NA,NA,"Fd - Bluebunch wheatgrass - Needlegrass",12
"350",431,175,"175_ 431",0,"IDFdk3",1,1,NA,NA,NA,NA,NA,NA
"351",432,21,"21_ 432",0,"IDFdk3",1,0.6,4,0.4,NA,NA,"Fd - Bluebunch wheatgrass - Needlegrass",12
"352",433,175,"175_ 433",1000,"IDFdk3",1,1,NA,NA,NA,NA,NA,NA
"353",434,2,"2_ 434",0,"IDFdk3",1,0.6,4,0.4,NA,NA,"Fd - Bluebunch wheatgrass - Needlegrass",12
"354",435,213,"213_ 435",0,"IDFdk3",1,1,NA,NA,NA,NA,NA,NA
"355",436,220,"220_ 436",0,"IDFdk3",1,1,NA,NA,NA,NA,NA,NA
"356",437,202,"202_ 437",0,"IDFdk3",1,1,NA,NA,NA,NA,NA,NA
"357",439,111,"111_ 439",0,"IDFdk3",8,0.7,1,0.2,7,0.1,"FdPl - Pinegrass - Feathermoss",17.1
"358",440,155,"155_ 440",0,"IDFdk3",1,0.8,8,0.2,NA,NA,"SxwFd - Prickly rose - Sarsaparilla",21.9
"359",441,76,"76_ 441",0,"IDFdk3",1,1,NA,NA,NA,NA,NA,NA
"360",442,94,"94_ 442",0,"IDFdk3",1,1,NA,NA,NA,NA,NA,NA
"361",443,175,"175_ 443",0,"IDFdk3",1,1,NA,NA,NA,NA,NA,NA
"362",444,155,"155_ 444",0,"IDFdk3",8,0.8,1,0.2,NA,NA,"FdPl - Pinegrass - Feathermoss",17.1
"363",445,196,"196_ 445",0,"IDFdk3",8,1,NA,NA,NA,NA,NA,NA
"364",446,155,"155_ 446",0,"IDFdk3",8,0.8,1,0.2,NA,NA,"FdPl - Pinegrass - Feathermoss",17.1
"365",447,142,"142_ 447",0,"IDFdk3",8,1,NA,NA,NA,NA,NA,NA
"366",448,35,"35_ 448",0,"IDFdk3",1,0.6,4,0.4,NA,NA,"Fd - Bluebunch wheatgrass - Needlegrass",12
"367",449,175,"175_ 449",1000,"IDFdk3",1,1,NA,NA,NA,NA,NA,NA
"368",450,210,"210_ 450",0,"IDFdk3",1,1,NA,NA,NA,NA,NA,NA
"369",451,155,"155_ 451",0,"IDFdk3",8,0.8,1,0.2,NA,NA,"FdPl - Pinegrass - Feathermoss",17.1
"370",453,81,"81_ 453",0,"IDFdk3",1,1,NA,NA,NA,NA,NA,NA
"371",454,95,"95_ 454",0,"IDFdk3",1,1,NA,NA,NA,NA,NA,NA
"372",455,236,"236_ 455",0,"IDFdk3",1,1,NA,NA,NA,NA,NA,NA
"373",456,89,"89_ 456",0,"IDFdk3",1,0.6,4,0.4,NA,NA,"Fd - Bluebunch wheatgrass - Needlegrass",12
"374",457,175,"175_ 457",0,"IDFdk3",1,1,NA,NA,NA,NA,NA,NA
"375",460,213,"213_ 460",0,"IDFdk3",1,1,NA,NA,NA,NA,NA,NA
"376",461,115,"115_ 461",0,"IDFdk3",5,0.5,1,0.4,8,0.1,"FdPl - Pinegrass - Feathermoss",17.1
"377",463,187,"187_ 463",6000,"IDFdk3",5,0.8,8,0.2,NA,NA,"SxwFd - Prickly rose - Sarsaparilla",21.9
"378",464,167,"167_ 464",0,"IDFdk3",5,1,NA,NA,NA,NA,NA,NA
"379",465,170,"170_ 465",0,"IDFdk3",5,1,NA,NA,NA,NA,NA,NA
"380",466,187,"187_ 466",0,"IDFdk3",7,0.8,5,0.1,8,0.1,"Fd - Feathermoss - Step moss",15
"381",467,208,"208_ 467",0,"IDFdk3",1,1,NA,NA,NA,NA,NA,NA
"382",468,202,"202_ 468",0,"IDFdk3",1,1,NA,NA,NA,NA,NA,NA
"383",470,31,"31_ 470",0,"IDFdk3",1,0.6,4,0.4,NA,NA,"Fd - Bluebunch wheatgrass - Needlegrass",12
"384",471,155,"155_ 471",1000,"IDFdk3",8,0.8,1,0.2,NA,NA,"FdPl - Pinegrass - Feathermoss",17.1
"385",472,205,"205_ 472",0,"IDFdk3",1,1,NA,NA,NA,NA,NA,NA
"386",473,75,"75_ 473",3000,"IDFdk3",1,1,NA,NA,NA,NA,NA,NA
"387",474,111,"111_ 474",0,"IDFdk3",1,0.8,8,0.2,NA,NA,"SxwFd - Prickly rose - Sarsaparilla",21.9
"388",476,76,"76_ 476",2000,"IDFdk3",1,1,NA,NA,NA,NA,NA,NA
"389",477,5,"5_ 477",0,"IDFdk3",8,0.6,1,0.3,4,0.1,"FdPl - Pinegrass - Feathermoss",17.1
"390",479,220,"220_ 479",1000,"IDFdk3",1,1,NA,NA,NA,NA,NA,NA
"391",480,119,"119_ 480",0,"IDFdk3",NA,NA,NA,NA,NA,NA,NA,NA
"392",482,81,"81_ 482",0,"IDFdk3",1,1,NA,NA,NA,NA,NA,NA
"393",483,20,"20_ 483",5000,"IDFdk3",1,0.6,4,0.4,NA,NA,"Fd - Bluebunch wheatgrass - Needlegrass",12
"394",484,20,"20_ 484",0,"IDFdk3",1,0.6,4,0.4,NA,NA,"Fd - Bluebunch wheatgrass - Needlegrass",12
"395",485,157,"157_ 485",0,"IDFdk3",1,0.8,8,0.2,NA,NA,"SxwFd - Prickly rose - Sarsaparilla",21.9
"396",486,2,"2_ 486",0,"IDFdk3",1,0.6,4,0.4,NA,NA,"Fd - Bluebunch wheatgrass - Needlegrass",12
"397",487,111,"111_ 487",0,"IDFdk3",8,0.7,1,0.2,7,0.1,"FdPl - Pinegrass - Feathermoss",17.1
"398",488,114,"114_ 488",0,"IDFdk3",NA,NA,NA,NA,NA,NA,NA,NA
"399",490,154,"154_ 490",0,"IDFdk3",8,0.8,1,0.2,NA,NA,"FdPl - Pinegrass - Feathermoss",17.1
"400",491,20,"20_ 491",0,"IDFdk3",1,0.6,4,0.4,NA,NA,"Fd - Bluebunch wheatgrass - Needlegrass",12
"401",492,106,"106_ 492",3000,"IDFdk3",8,0.6,7,0.2,1,0.2,"SxwFd - Prickly rose - Sedge",20.2
"402",494,26,"26_ 494",0,"IDFdk3",1,0.6,4,0.4,NA,NA,"Fd - Bluebunch wheatgrass - Needlegrass",12
"403",495,139,"139_ 495",2000,"IDFdk3",1,0.9,4,0.1,NA,NA,"Fd - Bluebunch wheatgrass - Needlegrass",12
"404",496,111,"111_ 496",0,"IDFdk3",8,0.7,1,0.2,7,0.1,"FdPl - Pinegrass - Feathermoss",17.1
"405",497,175,"175_ 497",1000,"IDFdk3",1,1,NA,NA,NA,NA,NA,NA
"406",498,17,"17_ 498",0,"IDFdk3",1,0.6,4,0.4,NA,NA,"Fd - Bluebunch wheatgrass - Needlegrass",12
"407",499,151,"151_ 499",15000,"IDFdk3",8,0.5,4,0.3,5,0.2,"Fd - Bluebunch wheatgrass - Needlegrass",12
"408",500,175,"175_ 500",6000,"IDFdk3",1,1,NA,NA,NA,NA,NA,NA
"409",501,237,"237_ 501",0,"IDFdk3",1,1,NA,NA,NA,NA,NA,NA
"410",502,85,"85_ 502",0,"IDFdk3",1,1,NA,NA,NA,NA,NA,NA
"411",503,2,"2_ 503",2000,"IDFdk3",1,0.6,4,0.4,NA,NA,"Fd - Bluebunch wheatgrass - Needlegrass",12
"412",504,31,"31_ 504",2000,"IDFdk3",1,0.6,4,0.4,NA,NA,"Fd - Bluebunch wheatgrass - Needlegrass",12
"413",505,177,"177_ 505",1000,"IDFdk3",1,1,NA,NA,NA,NA,NA,NA
"414",506,199,"199_ 506",1000,"IDFdk3",1,0.8,8,0.2,NA,NA,"SxwFd - Prickly rose - Sarsaparilla",21.9
"415",507,219,"219_ 507",1000,"IDFdk3",1,1,NA,NA,NA,NA,NA,NA
"416",509,236,"236_ 509",0,"IDFdk3",1,1,NA,NA,NA,NA,NA,NA
"417",512,76,"76_ 512",0,"IDFdk3",1,1,NA,NA,NA,NA,NA,NA
"418",513,170,"170_ 513",0,"IDFdk3",5,1,NA,NA,NA,NA,NA,NA
"419",514,205,"205_ 514",0,"IDFdk3",1,1,NA,NA,NA,NA,NA,NA
"420",515,185,"185_ 515",1000,"IDFdk3",1,1,NA,NA,NA,NA,NA,NA
"421",517,118,"118_ 517",1000,"IDFdk3",5,0.7,8,0.2,1,0.1,"SxwFd - Prickly rose - Sarsaparilla",21.9
"422",518,157,"157_ 518",0,"IDFdk3",1,0.8,8,0.2,NA,NA,"SxwFd - Prickly rose - Sarsaparilla",21.9
"423",519,77,"77_ 519",0,"IDFdk3",1,1,NA,NA,NA,NA,NA,NA
"424",520,136,"136_ 520",0,"IDFdk3",1,0.9,4,0.1,NA,NA,"Fd - Bluebunch wheatgrass - Needlegrass",12
"425",521,117,"117_ 521",0,"IDFdk3",1,0.8,8,0.2,NA,NA,"SxwFd - Prickly rose - Sarsaparilla",21.9
"426",522,2,"2_ 522",1000,"IDFdk3",1,0.6,4,0.4,NA,NA,"Fd - Bluebunch wheatgrass - Needlegrass",12
"427",523,87,"87_ 523",0,"IDFdk3",1,1,NA,NA,NA,NA,NA,NA
"428",524,206,"206_ 524",0,"IDFdk3",1,1,NA,NA,NA,NA,NA,NA
"429",525,115,"115_ 525",0,"IDFdk3",5,0.5,1,0.4,8,0.1,"FdPl - Pinegrass - Feathermoss",17.1
"430",526,185,"185_ 526",0,"IDFdk3",1,0.6,8,0.4,NA,NA,"SxwFd - Prickly rose - Sarsaparilla",21.9
"431",527,84,"84_ 527",0,"IDFdk3",1,1,NA,NA,NA,NA,NA,NA
"432",528,155,"155_ 528",0,"IDFdk3",5,0.7,8,0.2,1,0.1,"SxwFd - Prickly rose - Sarsaparilla",21.9
"433",529,201,"201_ 529",0,"IDFdk3",1,1,NA,NA,NA,NA,NA,NA
"434",530,202,"202_ 530",0,"IDFdk3",1,1,NA,NA,NA,NA,NA,NA
"435",531,13,"13_ 531",0,"IDFdk3",1,0.6,4,0.4,NA,NA,"Fd - Bluebunch wheatgrass - Needlegrass",12
"436",534,134,"134_ 534",10000,"IDFdk3",1,0.9,4,0.1,NA,NA,"Fd - Bluebunch wheatgrass - Needlegrass",12
"437",535,26,"26_ 535",1000,"IDFdk3",1,0.6,4,0.4,NA,NA,"Fd - Bluebunch wheatgrass - Needlegrass",12
"438",536,194,"194_ 536",3000,"IDFdk3",1,1,NA,NA,NA,NA,NA,NA
"439",539,88,"88_ 539",5000,"IDFdk3",1,1,NA,NA,NA,NA,NA,NA
"440",540,81,"81_ 540",1000,"IDFdk3",1,1,NA,NA,NA,NA,NA,NA
"441",541,17,"17_ 541",0,"IDFdk3",1,0.6,4,0.4,NA,NA,"Fd - Bluebunch wheatgrass - Needlegrass",12
"442",542,237,"237_ 542",1000,"IDFdk3",1,1,NA,NA,NA,NA,NA,NA
"443",543,161,"161_ 543",11000,"IDFdk3",8,1,NA,NA,NA,NA,NA,NA
"444",544,150,"150_ 544",25000,"IDFdk3",1,0.6,4,0.4,NA,NA,"Fd - Bluebunch wheatgrass - Needlegrass",12
"445",545,155,"155_ 545",0,"IDFdk3",8,0.8,1,0.2,NA,NA,"FdPl - Pinegrass - Feathermoss",17.1
"446",546,145,"145_ 546",1000,"IDFdk3",1,0.9,4,0.1,NA,NA,"Fd - Bluebunch wheatgrass - Needlegrass",12
"447",547,76,"76_ 547",0,"IDFdk3",1,1,NA,NA,NA,NA,NA,NA
"448",548,206,"206_ 548",0,"IDFdk3",1,1,NA,NA,NA,NA,NA,NA
"449",550,88,"88_ 550",2000,"IDFdk3",1,1,NA,NA,NA,NA,NA,NA
"450",552,196,"196_ 552",11000,"IDFdk3",1,0.8,8,0.2,NA,NA,"SxwFd - Prickly rose - Sarsaparilla",21.9
"451",553,216,"216_ 553",5000,"IDFdk3",1,1,NA,NA,NA,NA,NA,NA
"452",554,156,"156_ 554",0,"IDFdk3",8,0.8,1,0.2,NA,NA,"FdPl - Pinegrass - Feathermoss",17.1
"453",555,179,"179_ 555",1000,"IDFdk3",7,0.8,5,0.1,8,0.1,"Fd - Feathermoss - Step moss",15
"454",556,124,"124_ 556",3000,"IDFdk3",5,0.7,8,0.2,1,0.1,"SxwFd - Prickly rose - Sarsaparilla",21.9
"455",557,189,"189_ 557",1000,"IDFdk3",1,0.8,8,0.2,NA,NA,"SxwFd - Prickly rose - Sarsaparilla",21.9
"456",559,232,"232_ 559",0,"IDFdk3",1,1,NA,NA,NA,NA,NA,NA
"457",560,95,"95_ 560",1000,"IDFdk3",1,1,NA,NA,NA,NA,NA,NA
"458",561,75,"75_ 561",1000,"IDFdk3",1,1,NA,NA,NA,NA,NA,NA
"459",562,5,"5_ 562",0,"IDFdk3",1,0.6,4,0.4,NA,NA,"Fd - Bluebunch wheatgrass - Needlegrass",12
"460",564,115,"115_ 564",0,"IDFdk3",1,0.8,8,0.2,NA,NA,"SxwFd - Prickly rose - Sarsaparilla",21.9
"461",565,229,"229_ 565",0,"IDFdk3",1,1,NA,NA,NA,NA,NA,NA
"462",566,151,"151_ 566",0,"IDFdk3",8,0.5,4,0.3,5,0.2,"Fd - Bluebunch wheatgrass - Needlegrass",12
"463",567,231,"231_ 567",0,"IDFdk3",1,1,NA,NA,NA,NA,NA,NA
"464",570,105,"105_ 570",2000,"IDFdk3",8,0.6,7,0.2,1,0.2,"SxwFd - Prickly rose - Sedge",20.2
"465",571,123,"123_ 571",10000,"IDFdk3",1,1,NA,NA,NA,NA,NA,NA
"466",572,105,"105_ 572",0,"IDFdk3",8,0.6,7,0.2,1,0.2,"SxwFd - Prickly rose - Sedge",20.2
"467",573,213,"213_ 573",22000,"IDFdk3",1,1,NA,NA,NA,NA,NA,NA
"468",575,196,"196_ 575",0,"IDFdk3",8,1,NA,NA,NA,NA,NA,NA
"469",576,133,"133_ 576",1000,"IDFdk3",1,0.9,4,0.1,NA,NA,"Fd - Bluebunch wheatgrass - Needlegrass",12
"470",577,185,"185_ 577",1000,"IDFdk3",1,0.8,8,0.2,NA,NA,"SxwFd - Prickly rose - Sarsaparilla",21.9
"471",578,6,"6_ 578",33000,"IDFdk3",1,0.6,4,0.4,NA,NA,"Fd - Bluebunch wheatgrass - Needlegrass",12
"472",580,4,"4_ 580",9000,"IDFdk3",1,0.6,4,0.4,NA,NA,"Fd - Bluebunch wheatgrass - Needlegrass",12
"473",581,17,"17_ 581",0,"IDFdk3",1,0.6,4,0.4,NA,NA,"Fd - Bluebunch wheatgrass - Needlegrass",12
"474",582,172,"172_ 582",0,"IDFdk3",9,1,NA,NA,NA,NA,NA,NA
"475",583,199,"199_ 583",1000,"IDFdk3",1,1,NA,NA,NA,NA,NA,NA
"476",584,205,"205_ 584",0,"IDFdk3",1,1,NA,NA,NA,NA,NA,NA
"477",585,227,"227_ 585",3000,"IDFdk3",1,1,NA,NA,NA,NA,NA,NA
"478",586,216,"216_ 586",0,"IDFdk3",1,1,NA,NA,NA,NA,NA,NA
"479",588,205,"205_ 588",0,"IDFdk3",1,1,NA,NA,NA,NA,NA,NA
"480",589,217,"217_ 589",0,"IDFdk3",1,1,NA,NA,NA,NA,NA,NA
"481",591,6,"6_ 591",0,"IDFdk3",1,0.6,4,0.4,NA,NA,"Fd - Bluebunch wheatgrass - Needlegrass",12
"482",595,5,"5_ 595",1000,"IDFdk3",8,0.6,1,0.3,4,0.1,"FdPl - Pinegrass - Feathermoss",17.1
"483",597,31,"31_ 597",1000,"IDFdk3",1,0.6,4,0.4,NA,NA,"Fd - Bluebunch wheatgrass - Needlegrass",12
"484",599,237,"237_ 599",1000,"IDFdk3",1,1,NA,NA,NA,NA,NA,NA
