gap,plot_id,gap_type,Fd,ZONAL_UNIT,SS1,SS1_,SS2,SS2_,SS3,SS3_,SS_name,SI,tphg,mean_density,sem_density
111,111_ 1,S,0,IDFdk3,8,0.7,1,0.2,7,0.1,SxwFd - Prickly rose - Sarsaparilla,21.9,70000,5000,2277.457615
205,205_ 2,S,7000,IDFdk3,1,1,NA,NA,NA,NA,FdPl - Pinegrass - Feathermoss,17.1,16000,2000,1210.076739
111,111_ 3,S,0,IDFdk3,8,0.7,1,0.2,7,0.1,SxwFd - Prickly rose - Sarsaparilla,21.9,70000,5000,2277.457615
91,91_ 4,S,1000,IDFdk3,1,0.6,4,0.4,NA,NA,FdPl - Pinegrass - Feathermoss,17.1,0,0,NA
209,209_ 6,S,0,IDFdk3,1,1,NA,NA,NA,NA,FdPl - Pinegrass - Feathermoss,17.1,6000,6000,NA
5,5_ 8,S,0,IDFdk3,1,0.6,4,0.4,NA,NA,FdPl - Pinegrass - Feathermoss,17.1,20000,1111.111111,434.5299383
20,20_ 9,S,0,IDFdk3,1,0.6,4,0.4,NA,NA,FdPl - Pinegrass - Feathermoss,17.1,3000,230.7692308,121.6260639
10,10_ 10,S,1000,IDFdk3,1,0.6,4,0.4,NA,NA,FdPl - Pinegrass - Feathermoss,17.1,0,0,NA
85,85_ 12,S,0,IDFdk3,1,1,NA,NA,NA,NA,FdPl - Pinegrass - Feathermoss,17.1,38000,9500,4645.786622
172,172_ 13,S,0,IDFdk3,9,1,NA,NA,NA,NA,Sxw - Horsetail - Glow moss,NA,0,0,0
113,113_ 14,S,0,IDFdk3,1,0.8,8,0.2,NA,NA,FdPl - Pinegrass - Feathermoss,17.1,8000,4000,3000
131,131_ 15,N,0,IDFdk3,1,0.9,4,0.1,NA,NA,FdPl - Pinegrass - Feathermoss,17.1,0,0,NA
8,8_ 16,N,0,IDFdk3,8,0.6,1,0.3,4,0.1,SxwFd - Prickly rose - Sarsaparilla,21.9,3000,600,244.9489743
5,5_ 18,N,9000,IDFdk3,1,0.6,4,0.4,NA,NA,FdPl - Pinegrass - Feathermoss,17.1,20000,1111.111111,434.5299383
111,111_ 19,N,1000,IDFdk3,8,0.7,1,0.2,7,0.1,SxwFd - Prickly rose - Sarsaparilla,21.9,70000,5000,2277.457615
20,20_ 20,N,0,IDFdk3,1,0.6,4,0.4,NA,NA,FdPl - Pinegrass - Feathermoss,17.1,3000,230.7692308,121.6260639
175,175_ 21,S,7000,IDFdk3,1,1,NA,NA,NA,NA,FdPl - Pinegrass - Feathermoss,17.1,36000,2769.230769,1172.078179
126,126_ 25,N,0,IDFdk3,1,0.7,4,0.3,NA,NA,FdPl - Pinegrass - Feathermoss,17.1,0,0,0
176,176_ 26,N,0,IDFdk3,1,1,NA,NA,NA,NA,FdPl - Pinegrass - Feathermoss,17.1,25000,5000,2280.35085
174,174_ 27,N,0,IDFdk3,5,0.8,8,0.2,NA,NA,Fd - Feathermoss - Step moss,15,8000,1600,927.3618495
193,193_ 28,S,0,IDFdk3,1,0.6,8,0.4,NA,NA,FdPl - Pinegrass - Feathermoss,17.1,13000,6500,2500
112,112_ 29,S,0,IDFdk3,1,0.8,8,0.2,NA,NA,FdPl - Pinegrass - Feathermoss,17.1,9000,1800,800
94,94_ 30,N,0,IDFdk3,1,1,NA,NA,NA,NA,FdPl - Pinegrass - Feathermoss,17.1,0,0,0
175,175_ 31,S,3000,IDFdk3,1,1,NA,NA,NA,NA,FdPl - Pinegrass - Feathermoss,17.1,36000,2769.230769,1172.078179
89,89_ 32,N,1000,IDFdk3,1,0.6,4,0.4,NA,NA,FdPl - Pinegrass - Feathermoss,17.1,0,0,0
211,211_ 33,N,31000,IDFdk3,8,1,NA,NA,NA,NA,SxwFd - Prickly rose - Sarsaparilla,21.9,62000,15500,4444.097209
5,5_ 34,S,1000,IDFdk3,1,0.6,4,0.4,NA,NA,FdPl - Pinegrass - Feathermoss,17.1,20000,1111.111111,434.5299383
141,141_ 35,S,2000,IDFdk3,1,0.9,4,0.1,NA,NA,FdPl - Pinegrass - Feathermoss,17.1,5000,5000,NA
115,115_ 36,S,3000,IDFdk3,5,0.5,1,0.4,8,0.1,Fd - Feathermoss - Step moss,15,60000,5000,2549.509757
17,17_ 37,S,16000,IDFdk3,1,0.6,4,0.4,NA,NA,FdPl - Pinegrass - Feathermoss,17.1,2000,285.7142857,184.4277784
106,106_ 41,S,2000,IDFdk3,8,0.6,7,0.2,1,0.2,SxwFd - Prickly rose - Sarsaparilla,21.9,10000,5000,2000
214,214_ 43,S,0,IDFdk3,1,1,NA,NA,NA,NA,FdPl - Pinegrass - Feathermoss,17.1,3000,3000,NA
175,175_ 45,S,0,IDFdk3,1,1,NA,NA,NA,NA,FdPl - Pinegrass - Feathermoss,17.1,36000,2769.230769,1172.078179
76,76_ 47,S,2000,IDFdk3,1,1,NA,NA,NA,NA,FdPl - Pinegrass - Feathermoss,17.1,68000,5230.769231,1925.383232
204,204_ 48,S,0,IDFdk3,1,1,NA,NA,NA,NA,FdPl - Pinegrass - Feathermoss,17.1,10000,5000,4000
125,125_ 49,S,4000,IDFdk3,1,0.7,4,0.3,NA,NA,FdPl - Pinegrass - Feathermoss,17.1,8000,4000,4000
173,173_ 51,S,7000,IDFdk3,7,0.8,5,0.1,8,0.1,SxwFd - Prickly rose - Sedge,20.2,10000,2500,957.4271078
94,94_ 52,S,0,IDFdk3,1,1,NA,NA,NA,NA,FdPl - Pinegrass - Feathermoss,17.1,0,0,0
216,216_ 53,S,0,IDFdk3,1,1,NA,NA,NA,NA,FdPl - Pinegrass - Feathermoss,17.1,68000,7555.555556,3555.555556
114,114_ 54,N,0,IDFdk3,NA,NA,NA,NA,NA,NA,NA,NA,0,0,0
114,114_ 56,S,0,IDFdk3,NA,NA,NA,NA,NA,NA,NA,NA,0,0,0
119,119_ 57,S,0,IDFdk3,NA,NA,NA,NA,NA,NA,NA,NA,1000,250,250
2,2_ 59,S,0,IDFdk3,1,0.6,4,0.4,NA,NA,FdPl - Pinegrass - Feathermoss,17.1,6000,545.4545455,247.2994638
76,76_ 61,S,6000,IDFdk3,1,1,NA,NA,NA,NA,FdPl - Pinegrass - Feathermoss,17.1,68000,5230.769231,1925.383232
200,200_ 62,S,7000,IDFdk3,1,0.8,8,0.2,NA,NA,FdPl - Pinegrass - Feathermoss,17.1,12000,6000,3000
155,155_ 63,S,0,IDFdk3,8,0.8,1,0.2,NA,NA,SxwFd - Prickly rose - Sarsaparilla,21.9,55000,3928.571429,1427.609566
109,109_ 64,S,0,IDFdk3,8,0.7,1,0.2,7,0.1,SxwFd - Prickly rose - Sarsaparilla,21.9,0,0,0
185,185_ 66,S,0,IDFdk3,1,1,NA,NA,NA,NA,FdPl - Pinegrass - Feathermoss,17.1,54000,6750,1687.665336
170,170_ 67,S,1000,IDFdk3,5,1,NA,NA,NA,NA,Fd - Feathermoss - Step moss,15,0,0,0
173,173_ 68,S,0,IDFdk3,5,0.8,8,0.2,NA,NA,Fd - Feathermoss - Step moss,15,10000,2500,957.4271078
211,211_ 69,S,1000,IDFdk3,1,1,NA,NA,NA,NA,FdPl - Pinegrass - Feathermoss,17.1,62000,15500,4444.097209
138,138_ 70,S,32000,IDFdk3,1,0.9,4,0.1,NA,NA,FdPl - Pinegrass - Feathermoss,17.1,0,0,0
185,185_ 71,S,0,IDFdk3,1,1,NA,NA,NA,NA,FdPl - Pinegrass - Feathermoss,17.1,54000,6750,1687.665336
206,206_ 72,S,4000,IDFdk3,1,1,NA,NA,NA,NA,FdPl - Pinegrass - Feathermoss,17.1,35000,5833.333333,2427.847698
31,31_ 75,S,2000,IDFdk3,1,0.6,4,0.4,NA,NA,FdPl - Pinegrass - Feathermoss,17.1,5000,714.2857143,714.2857143
127,127_ 76,S,0,IDFdk3,1,0.7,4,0.3,NA,NA,FdPl - Pinegrass - Feathermoss,17.1,0,0,0
13,13_ 77,S,0,IDFdk3,1,0.6,4,0.4,NA,NA,FdPl - Pinegrass - Feathermoss,17.1,3000,1000,577.3502692
5,5_ 78,S,0,IDFdk3,1,0.6,4,0.4,NA,NA,FdPl - Pinegrass - Feathermoss,17.1,20000,1111.111111,434.5299383
6,6_ 79,S,1000,IDFdk3,8,0.6,1,0.3,4,0.1,SxwFd - Prickly rose - Sarsaparilla,21.9,0,0,0
81,81_ 80,S,0,IDFdk3,1,1,NA,NA,NA,NA,FdPl - Pinegrass - Feathermoss,17.1,0,0,0
8,8_ 81,S,5000,IDFdk3,8,0.6,1,0.3,4,0.1,SxwFd - Prickly rose - Sarsaparilla,21.9,3000,600,244.9489743
149,149_ 83,S,0,IDFdk3,1,0.6,4,0.4,NA,NA,FdPl - Pinegrass - Feathermoss,17.1,0,0,0
237,237_ 84,N,1000,IDFdk3,1,1,NA,NA,NA,NA,FdPl - Pinegrass - Feathermoss,17.1,3000,1000,577.3502692
165,165_ 85,S,0,IDFdk3,10,1,NA,NA,NA,NA,NA,NA,0,0,NA
115,115_ 86,S,0,IDFdk3,1,0.8,8,0.2,NA,NA,FdPl - Pinegrass - Feathermoss,17.1,60000,5000,2549.509757
134,134_ 87,S,0,IDFdk3,1,0.9,4,0.1,NA,NA,FdPl - Pinegrass - Feathermoss,17.1,3000,428.5714286,428.5714286
111,111_ 89,S,0,IDFdk3,8,0.7,1,0.2,7,0.1,SxwFd - Prickly rose - Sarsaparilla,21.9,70000,5000,2277.457615
5,5_ 91,S,0,IDFdk3,1,0.6,4,0.4,NA,NA,FdPl - Pinegrass - Feathermoss,17.1,20000,1111.111111,434.5299383
138,138_ 92,S,2000,IDFdk3,1,0.9,4,0.1,NA,NA,FdPl - Pinegrass - Feathermoss,17.1,0,0,0
5,5_ 93,N,0,IDFdk3,1,0.6,4,0.4,NA,NA,FdPl - Pinegrass - Feathermoss,17.1,20000,1111.111111,434.5299383
126,126_ 94,S,2000,IDFdk3,1,0.7,4,0.3,NA,NA,FdPl - Pinegrass - Feathermoss,17.1,0,0,0
162,162_ 95,N,0,IDFdk3,1,1,NA,NA,NA,NA,FdPl - Pinegrass - Feathermoss,17.1,6000,3000,3000
220,220_ 96,S,1000,IDFdk3,1,1,NA,NA,NA,NA,FdPl - Pinegrass - Feathermoss,17.1,33000,4125,2239.559108
226,226_ 97,N,8000,IDFdk3,1,1,NA,NA,NA,NA,FdPl - Pinegrass - Feathermoss,17.1,12000,6000,3000
114,114_ 98,S,0,IDFdk3,NA,NA,NA,NA,NA,NA,NA,NA,0,0,0
109,109_ 99,S,0,IDFdk3,1,0.9,5,0.1,NA,NA,FdPl - Pinegrass - Feathermoss,17.1,0,0,0
115,115_ 101,N,0,IDFdk3,1,0.8,8,0.2,NA,NA,FdPl - Pinegrass - Feathermoss,17.1,60000,5000,2549.509757
149,149_ 102,N,0,IDFdk3,1,0.6,4,0.4,NA,NA,FdPl - Pinegrass - Feathermoss,17.1,0,0,0
155,155_ 104,N,0,IDFdk3,5,0.7,8,0.2,1,0.1,Fd - Feathermoss - Step moss,15,55000,3928.571429,1427.609566
139,139_ 105,S,1000,IDFdk3,1,0.9,4,0.1,NA,NA,FdPl - Pinegrass - Feathermoss,17.1,0,0,0
205,205_ 106,N,2000,IDFdk3,1,1,NA,NA,NA,NA,FdPl - Pinegrass - Feathermoss,17.1,16000,2000,1210.076739
105,105_ 107,S,0,IDFdk3,8,0.6,7,0.2,1,0.2,SxwFd - Prickly rose - Sarsaparilla,21.9,11000,1833.333333,1447.219556
155,155_ 108,S,0,IDFdk3,8,0.8,1,0.2,NA,NA,SxwFd - Prickly rose - Sarsaparilla,21.9,55000,3928.571429,1427.609566
13,13_ 109,S,0,IDFdk3,1,0.6,4,0.4,NA,NA,FdPl - Pinegrass - Feathermoss,17.1,3000,1000,577.3502692
105,105_ 110,S,0,IDFdk3,8,0.6,7,0.2,1,0.2,SxwFd - Prickly rose - Sarsaparilla,21.9,11000,1833.333333,1447.219556
206,206_ 111,S,1000,IDFdk3,1,0.8,8,0.2,NA,NA,FdPl - Pinegrass - Feathermoss,17.1,35000,5833.333333,2427.847698
144,144_ 112,N,1000,IDFdk3,1,0.9,4,0.1,NA,NA,FdPl - Pinegrass - Feathermoss,17.1,0,0,0
180,180_ 113,N,3000,IDFdk3,1,1,NA,NA,NA,NA,FdPl - Pinegrass - Feathermoss,17.1,62000,20666.66667,6984.108947
90,90_ 114,N,0,IDFdk3,1,1,NA,NA,NA,NA,FdPl - Pinegrass - Feathermoss,17.1,3000,3000,NA
160,160_ 115,N,0,IDFdk3,1,0.8,8,0.2,NA,NA,FdPl - Pinegrass - Feathermoss,17.1,0,0,0
115,115_ 116,N,0,IDFdk3,5,0.7,8,0.2,1,0.1,Fd - Feathermoss - Step moss,15,60000,5000,2549.509757
185,185_ 117,S,0,IDFdk3,1,0.8,8,0.2,NA,NA,FdPl - Pinegrass - Feathermoss,17.1,54000,6750,1687.665336
138,138_ 120,S,0,IDFdk3,1,0.9,4,0.1,NA,NA,FdPl - Pinegrass - Feathermoss,17.1,0,0,0
188,188_ 121,S,0,IDFdk3,1,1,NA,NA,NA,NA,FdPl - Pinegrass - Feathermoss,17.1,1000,500,500
167,167_ 122,N,0,IDFdk3,5,1,NA,NA,NA,NA,Fd - Feathermoss - Step moss,15,0,0,0
76,76_ 123,N,0,IDFdk3,1,1,NA,NA,NA,NA,FdPl - Pinegrass - Feathermoss,17.1,68000,5230.769231,1925.383232
216,216_ 124,S,0,IDFdk3,1,1,NA,NA,NA,NA,FdPl - Pinegrass - Feathermoss,17.1,68000,7555.555556,3555.555556
176,176_ 125,S,0,IDFdk3,1,1,NA,NA,NA,NA,FdPl - Pinegrass - Feathermoss,17.1,25000,5000,2280.35085
95,95_ 126,S,0,IDFdk3,1,1,NA,NA,NA,NA,FdPl - Pinegrass - Feathermoss,17.1,1000,250,250
8,8_ 127,S,0,IDFdk3,1,0.6,4,0.4,NA,NA,FdPl - Pinegrass - Feathermoss,17.1,3000,600,244.9489743
216,216_ 128,S,0,IDFdk3,1,1,NA,NA,NA,NA,FdPl - Pinegrass - Feathermoss,17.1,68000,7555.555556,3555.555556
202,202_ 129,S,0,IDFdk3,1,1,NA,NA,NA,NA,FdPl - Pinegrass - Feathermoss,17.1,93000,7750,3186.441446
31,31_ 130,S,1000,IDFdk3,1,0.6,4,0.4,NA,NA,FdPl - Pinegrass - Feathermoss,17.1,5000,714.2857143,714.2857143
202,202_ 131,N,5000,IDFdk3,1,1,NA,NA,NA,NA,FdPl - Pinegrass - Feathermoss,17.1,93000,7750,3186.441446
115,115_ 132,S,0,IDFdk3,5,0.5,1,0.4,8,0.1,Fd - Feathermoss - Step moss,15,60000,5000,2549.509757
123,123_ 135,S,0,IDFdk3,1,0.6,2,0.2,4,0.2,FdPl - Pinegrass - Feathermoss,17.1,4000,1333.333333,666.6666667
76,76_ 136,S,0,IDFdk3,1,1,NA,NA,NA,NA,FdPl - Pinegrass - Feathermoss,17.1,68000,5230.769231,1925.383232
206,206_ 138,S,0,IDFdk3,1,1,NA,NA,NA,NA,FdPl - Pinegrass - Feathermoss,17.1,35000,5833.333333,2427.847698
31,31_ 139,S,0,IDFdk3,1,0.6,4,0.4,NA,NA,FdPl - Pinegrass - Feathermoss,17.1,5000,714.2857143,714.2857143
211,211_ 141,S,0,IDFdk3,1,1,NA,NA,NA,NA,FdPl - Pinegrass - Feathermoss,17.1,62000,15500,4444.097209
185,185_ 142,S,0,IDFdk3,1,0.6,8,0.4,NA,NA,FdPl - Pinegrass - Feathermoss,17.1,54000,6750,1687.665336
155,155_ 143,S,0,IDFdk3,8,0.8,1,0.2,NA,NA,SxwFd - Prickly rose - Sarsaparilla,21.9,55000,3928.571429,1427.609566
112,112_ 144,S,0,IDFdk3,1,0.8,8,0.2,NA,NA,FdPl - Pinegrass - Feathermoss,17.1,9000,1800,800
150,150_ 145,S,0,IDFdk3,1,0.6,4,0.4,NA,NA,FdPl - Pinegrass - Feathermoss,17.1,1000,500,500
188,188_ 146,S,1000,IDFdk3,1,1,NA,NA,NA,NA,FdPl - Pinegrass - Feathermoss,17.1,1000,500,500
17,17_ 147,S,0,IDFdk3,1,0.6,4,0.4,NA,NA,FdPl - Pinegrass - Feathermoss,17.1,2000,285.7142857,184.4277784
151,151_ 149,S,0,IDFdk3,8,0.8,5,0.2,NA,NA,SxwFd - Prickly rose - Sarsaparilla,21.9,0,0,0
231,231_ 150,S,0,IDFdk3,1,1,NA,NA,NA,NA,FdPl - Pinegrass - Feathermoss,17.1,9000,4500,4500
115,115_ 152,S,0,IDFdk3,5,0.5,1,0.4,8,0.1,Fd - Feathermoss - Step moss,15,60000,5000,2549.509757
178,178_ 153,S,1000,IDFdk3,1,1,NA,NA,NA,NA,FdPl - Pinegrass - Feathermoss,17.1,11000,5500,4500
2,2_ 154,S,11000,IDFdk3,1,0.6,4,0.4,NA,NA,FdPl - Pinegrass - Feathermoss,17.1,6000,545.4545455,247.2994638
20,20_ 155,S,10000,IDFdk3,1,0.6,4,0.4,NA,NA,FdPl - Pinegrass - Feathermoss,17.1,3000,230.7692308,121.6260639
143,143_ 156,S,3000,IDFdk3,1,0.9,4,0.1,NA,NA,FdPl - Pinegrass - Feathermoss,17.1,0,0,NA
216,216_ 157,S,6000,IDFdk3,1,1,NA,NA,NA,NA,FdPl - Pinegrass - Feathermoss,17.1,68000,7555.555556,3555.555556
132,132_ 158,S,17000,IDFdk3,1,0.9,4,0.1,NA,NA,FdPl - Pinegrass - Feathermoss,17.1,0,0,NA
217,217_ 159,S,0,IDFdk3,1,1,NA,NA,NA,NA,FdPl - Pinegrass - Feathermoss,17.1,5000,1666.666667,881.9171037
176,176_ 161,S,0,IDFdk3,1,1,NA,NA,NA,NA,FdPl - Pinegrass - Feathermoss,17.1,25000,5000,2280.35085
175,175_ 162,S,0,IDFdk3,1,1,NA,NA,NA,NA,FdPl - Pinegrass - Feathermoss,17.1,36000,2769.230769,1172.078179
5,5_ 163,S,0,IDFdk3,1,0.6,4,0.4,NA,NA,FdPl - Pinegrass - Feathermoss,17.1,20000,1111.111111,434.5299383
20,20_ 164,S,0,IDFdk3,1,0.6,4,0.4,NA,NA,FdPl - Pinegrass - Feathermoss,17.1,3000,230.7692308,121.6260639
192,192_ 165,S,4000,IDFdk3,1,1,NA,NA,NA,NA,FdPl - Pinegrass - Feathermoss,17.1,57000,57000,NA
232,232_ 166,S,0,IDFdk3,1,1,NA,NA,NA,NA,FdPl - Pinegrass - Feathermoss,17.1,21000,10500,7500
202,202_ 168,S,3000,IDFdk3,1,1,NA,NA,NA,NA,FdPl - Pinegrass - Feathermoss,17.1,93000,7750,3186.441446
217,217_ 169,S,0,IDFdk3,1,1,NA,NA,NA,NA,FdPl - Pinegrass - Feathermoss,17.1,5000,1666.666667,881.9171037
199,199_ 171,S,45000,IDFdk3,1,1,NA,NA,NA,NA,FdPl - Pinegrass - Feathermoss,17.1,11000,2750,1701.714821
76,76_ 172,S,0,IDFdk3,1,1,NA,NA,NA,NA,FdPl - Pinegrass - Feathermoss,17.1,68000,5230.769231,1925.383232
137,137_ 174,S,0,IDFdk3,1,0.9,4,0.1,NA,NA,FdPl - Pinegrass - Feathermoss,17.1,0,0,NA
85,85_ 176,S,6000,IDFdk3,1,1,NA,NA,NA,NA,FdPl - Pinegrass - Feathermoss,17.1,38000,9500,4645.786622
196,196_ 177,S,0,IDFdk3,1,1,NA,NA,NA,NA,FdPl - Pinegrass - Feathermoss,17.1,22000,3142.857143,1518.592259
185,185_ 178,S,2000,IDFdk3,1,0.6,8,0.4,NA,NA,FdPl - Pinegrass - Feathermoss,17.1,54000,6750,1687.665336
114,114_ 179,S,0,IDFdk3,NA,NA,NA,NA,NA,NA,NA,NA,0,0,0
111,111_ 180,S,0,IDFdk3,1,0.8,8,0.2,NA,NA,FdPl - Pinegrass - Feathermoss,17.1,70000,5000,2277.457615
155,155_ 181,S,0,IDFdk3,8,0.8,1,0.2,NA,NA,SxwFd - Prickly rose - Sarsaparilla,21.9,55000,3928.571429,1427.609566
202,202_ 184,S,0,IDFdk3,1,0.8,8,0.2,NA,NA,FdPl - Pinegrass - Feathermoss,17.1,93000,7750,3186.441446
216,216_ 185,S,0,IDFdk3,1,1,NA,NA,NA,NA,FdPl - Pinegrass - Feathermoss,17.1,68000,7555.555556,3555.555556
5,5_ 186,S,1000,IDFdk3,1,0.6,4,0.4,NA,NA,FdPl - Pinegrass - Feathermoss,17.1,20000,1111.111111,434.5299383
148,148_ 187,S,0,IDFdk3,8,0.8,5,0.2,NA,NA,SxwFd - Prickly rose - Sarsaparilla,21.9,0,0,0
225,225_ 188,S,0,IDFdk3,1,1,NA,NA,NA,NA,FdPl - Pinegrass - Feathermoss,17.1,9000,3000,2516.611478
20,20_ 189,S,1000,IDFdk3,1,0.6,4,0.4,NA,NA,FdPl - Pinegrass - Feathermoss,17.1,3000,230.7692308,121.6260639
185,185_ 190,S,0,IDFdk3,1,1,NA,NA,NA,NA,FdPl - Pinegrass - Feathermoss,17.1,54000,6750,1687.665336
4,4_ 191,S,0,IDFdk3,1,0.6,4,0.4,NA,NA,FdPl - Pinegrass - Feathermoss,17.1,0,0,0
112,112_ 192,S,0,IDFdk3,1,0.8,8,0.2,NA,NA,FdPl - Pinegrass - Feathermoss,17.1,9000,1800,800
127,127_ 193,S,0,IDFdk3,1,0.7,4,0.3,NA,NA,FdPl - Pinegrass - Feathermoss,17.1,0,0,0
202,202_ 194,S,0,IDFdk3,1,0.8,8,0.2,NA,NA,FdPl - Pinegrass - Feathermoss,17.1,93000,7750,3186.441446
177,177_ 195,N,0,IDFdk3,1,1,NA,NA,NA,NA,FdPl - Pinegrass - Feathermoss,17.1,7000,2333.333333,1452.966315
105,105_ 196,S,0,IDFdk3,8,0.6,7,0.2,1,0.2,SxwFd - Prickly rose - Sarsaparilla,21.9,11000,1833.333333,1447.219556
160,160_ 197,N,0,IDFdk3,1,0.8,8,0.2,NA,NA,FdPl - Pinegrass - Feathermoss,17.1,0,0,0
175,175_ 200,N,0,IDFdk3,1,1,NA,NA,NA,NA,FdPl - Pinegrass - Feathermoss,17.1,36000,2769.230769,1172.078179
174,174_ 201,N,0,IDFdk3,5,0.8,8,0.2,NA,NA,Fd - Feathermoss - Step moss,15,8000,1600,927.3618495
118,118_ 202,S,0,IDFdk3,5,0.5,1,0.4,8,0.1,Fd - Feathermoss - Step moss,15,6000,2000,1527.525232
17,17_ 203,S,0,IDFdk3,1,0.6,4,0.4,NA,NA,FdPl - Pinegrass - Feathermoss,17.1,2000,285.7142857,184.4277784
7,7_ 204,N,1000,IDFdk3,1,0.6,4,0.4,NA,NA,FdPl - Pinegrass - Feathermoss,17.1,0,0,NA
90,90_ 205,N,5000,IDFdk3,1,1,NA,NA,NA,NA,FdPl - Pinegrass - Feathermoss,17.1,3000,3000,NA
85,85_ 206,N,0,IDFdk3,1,1,NA,NA,NA,NA,FdPl - Pinegrass - Feathermoss,17.1,38000,9500,4645.786622
238,238_ 208,N,3000,IDFdk3,1,1,NA,NA,NA,NA,FdPl - Pinegrass - Feathermoss,17.1,0,0,NA
236,236_ 209,N,0,IDFdk3,1,1,NA,NA,NA,NA,FdPl - Pinegrass - Feathermoss,17.1,1000,333.3333333,333.3333333
175,175_ 210,N,5000,IDFdk3,1,1,NA,NA,NA,NA,FdPl - Pinegrass - Feathermoss,17.1,36000,2769.230769,1172.078179
205,205_ 211,N,2000,IDFdk3,1,1,NA,NA,NA,NA,FdPl - Pinegrass - Feathermoss,17.1,16000,2000,1210.076739
225,225_ 212,S,1000,IDFdk3,1,1,NA,NA,NA,NA,FdPl - Pinegrass - Feathermoss,17.1,9000,3000,2516.611478
135,135_ 214,S,0,IDFdk3,1,0.9,4,0.1,NA,NA,FdPl - Pinegrass - Feathermoss,17.1,0,0,NA
193,193_ 215,S,2000,IDFdk3,1,0.6,8,0.4,NA,NA,FdPl - Pinegrass - Feathermoss,17.1,13000,6500,2500
119,119_ 217,N,1000,IDFdk3,NA,NA,NA,NA,NA,NA,NA,NA,1000,250,250
119,119_ 218,N,2000,IDFdk3,1,0.7,4,0.3,NA,NA,FdPl - Pinegrass - Feathermoss,17.1,1000,250,250
5,5_ 219,N,0,IDFdk3,1,0.6,4,0.4,NA,NA,FdPl - Pinegrass - Feathermoss,17.1,20000,1111.111111,434.5299383
5,5_ 221,S,1000,IDFdk3,1,0.6,4,0.4,NA,NA,FdPl - Pinegrass - Feathermoss,17.1,20000,1111.111111,434.5299383
220,220_ 222,S,13000,IDFdk3,1,1,NA,NA,NA,NA,FdPl - Pinegrass - Feathermoss,17.1,33000,4125,2239.559108
9,9_ 223,S,0,IDFdk3,1,0.6,4,0.4,NA,NA,FdPl - Pinegrass - Feathermoss,17.1,1000,1000,NA
95,95_ 224,N,2000,IDFdk3,1,1,NA,NA,NA,NA,FdPl - Pinegrass - Feathermoss,17.1,1000,250,250
177,177_ 226,N,0,IDFdk3,1,1,NA,NA,NA,NA,FdPl - Pinegrass - Feathermoss,17.1,7000,2333.333333,1452.966315
175,175_ 227,N,0,IDFdk3,1,1,NA,NA,NA,NA,FdPl - Pinegrass - Feathermoss,17.1,36000,2769.230769,1172.078179
176,176_ 228,N,0,IDFdk3,1,1,NA,NA,NA,NA,FdPl - Pinegrass - Feathermoss,17.1,25000,5000,2280.35085
162,162_ 229,N,0,IDFdk3,1,1,NA,NA,NA,NA,FdPl - Pinegrass - Feathermoss,17.1,6000,3000,3000
115,115_ 231,N,12000,IDFdk3,5,0.5,1,0.4,8,0.1,Fd - Feathermoss - Step moss,15,60000,5000,2549.509757
75,75_ 233,N,6000,IDFdk3,1,1,NA,NA,NA,NA,FdPl - Pinegrass - Feathermoss,17.1,6000,2000,1527.525232
20,20_ 235,S,5000,IDFdk3,1,0.6,4,0.4,NA,NA,FdPl - Pinegrass - Feathermoss,17.1,3000,230.7692308,121.6260639
205,205_ 237,S,2000,IDFdk3,1,1,NA,NA,NA,NA,FdPl - Pinegrass - Feathermoss,17.1,16000,2000,1210.076739
2,2_ 238,S,1000,IDFdk3,1,0.6,4,0.4,NA,NA,FdPl - Pinegrass - Feathermoss,17.1,6000,545.4545455,247.2994638
20,20_ 239,S,10000,IDFdk3,1,0.6,4,0.4,NA,NA,FdPl - Pinegrass - Feathermoss,17.1,3000,230.7692308,121.6260639
220,220_ 240,S,0,IDFdk3,1,1,NA,NA,NA,NA,FdPl - Pinegrass - Feathermoss,17.1,33000,4125,2239.559108
170,170_ 242,S,30000,IDFdk3,5,1,NA,NA,NA,NA,Fd - Feathermoss - Step moss,15,0,0,0
218,218_ 243,S,7000,IDFdk3,1,1,NA,NA,NA,NA,FdPl - Pinegrass - Feathermoss,17.1,1000,1000,NA
124,124_ 244,N,0,IDFdk3,5,0.7,8,0.2,1,0.1,Fd - Feathermoss - Step moss,15,1000,500,500
203,203_ 245,N,2000,IDFdk3,1,1,NA,NA,NA,NA,FdPl - Pinegrass - Feathermoss,17.1,5000,5000,NA
216,216_ 246,N,3000,IDFdk3,1,1,NA,NA,NA,NA,FdPl - Pinegrass - Feathermoss,17.1,68000,7555.555556,3555.555556
196,196_ 248,N,0,IDFdk3,8,1,NA,NA,NA,NA,SxwFd - Prickly rose - Sarsaparilla,21.9,22000,3142.857143,1518.592259
149,149_ 249,N,0,IDFdk3,1,0.6,4,0.4,NA,NA,FdPl - Pinegrass - Feathermoss,17.1,0,0,0
189,189_ 250,S,10000,IDFdk3,1,0.8,8,0.2,NA,NA,FdPl - Pinegrass - Feathermoss,17.1,52000,17333.33333,3844.187532
115,115_ 251,N,2000,IDFdk3,5,0.5,1,0.4,8,0.1,Fd - Feathermoss - Step moss,15,60000,5000,2549.509757
76,76_ 252,N,0,IDFdk3,1,1,NA,NA,NA,NA,FdPl - Pinegrass - Feathermoss,17.1,68000,5230.769231,1925.383232
108,108_ 254,N,1000,IDFdk3,8,0.5,1,0.3,7,0.2,SxwFd - Prickly rose - Sarsaparilla,21.9,3000,3000,NA
147,147_ 255,N,11000,IDFdk3,8,0.5,4,0.3,5,0.2,SxwFd - Prickly rose - Sarsaparilla,21.9,0,0,NA
202,202_ 257,N,0,IDFdk3,1,0.8,8,0.2,NA,NA,FdPl - Pinegrass - Feathermoss,17.1,93000,7750,3186.441446
76,76_ 258,N,10000,IDFdk3,1,1,NA,NA,NA,NA,FdPl - Pinegrass - Feathermoss,17.1,68000,5230.769231,1925.383232
118,118_ 259,N,0,IDFdk3,5,0.5,1,0.4,8,0.1,Fd - Feathermoss - Step moss,15,6000,2000,1527.525232
134,134_ 260,N,1000,IDFdk3,1,0.9,4,0.1,NA,NA,FdPl - Pinegrass - Feathermoss,17.1,3000,428.5714286,428.5714286
5,5_ 261,N,0,IDFdk3,8,0.6,1,0.3,4,0.1,SxwFd - Prickly rose - Sarsaparilla,21.9,20000,1111.111111,434.5299383
176,176_ 262,N,0,IDFdk3,1,1,NA,NA,NA,NA,FdPl - Pinegrass - Feathermoss,17.1,25000,5000,2280.35085
173,173_ 263,N,1000,IDFdk3,7,0.8,5,0.1,8,0.1,SxwFd - Prickly rose - Sedge,20.2,10000,2500,957.4271078
180,180_ 264,N,10000,IDFdk3,1,1,NA,NA,NA,NA,FdPl - Pinegrass - Feathermoss,17.1,62000,20666.66667,6984.108947
226,226_ 265,N,19000,IDFdk3,1,1,NA,NA,NA,NA,FdPl - Pinegrass - Feathermoss,17.1,12000,6000,3000
88,88_ 266,N,23000,IDFdk3,1,1,NA,NA,NA,NA,FdPl - Pinegrass - Feathermoss,17.1,45000,11250,7465.197028
105,105_ 267,N,0,IDFdk3,8,0.6,7,0.2,1,0.2,SxwFd - Prickly rose - Sarsaparilla,21.9,11000,1833.333333,1447.219556
172,172_ 268,N,57000,IDFdk3,NA,NA,NA,NA,NA,NA,NA,NA,0,0,0
76,76_ 269,S,9000,IDFdk3,1,1,NA,NA,NA,NA,FdPl - Pinegrass - Feathermoss,17.1,68000,5230.769231,1925.383232
115,115_ 270,S,4000,IDFdk3,5,0.5,1,0.4,8,0.1,Fd - Feathermoss - Step moss,15,60000,5000,2549.509757
111,111_ 272,S,0,IDFdk3,8,0.7,1,0.2,7,0.1,SxwFd - Prickly rose - Sarsaparilla,21.9,70000,5000,2277.457615
220,220_ 274,S,0,IDFdk3,1,1,NA,NA,NA,NA,FdPl - Pinegrass - Feathermoss,17.1,33000,4125,2239.559108
133,133_ 275,S,0,IDFdk3,1,0.9,4,0.1,NA,NA,FdPl - Pinegrass - Feathermoss,17.1,2000,666.6666667,333.3333333
230,230_ 276,S,11000,IDFdk3,1,1,NA,NA,NA,NA,FdPl - Pinegrass - Feathermoss,17.1,5000,2500,2500
185,185_ 277,S,2000,IDFdk3,1,1,NA,NA,NA,NA,FdPl - Pinegrass - Feathermoss,17.1,54000,6750,1687.665336
112,112_ 278,S,4000,IDFdk3,1,0.8,8,0.2,NA,NA,FdPl - Pinegrass - Feathermoss,17.1,9000,1800,800
126,126_ 279,S,5000,IDFdk3,1,0.7,4,0.3,NA,NA,FdPl - Pinegrass - Feathermoss,17.1,0,0,0
17,17_ 280,S,0,IDFdk3,1,0.6,4,0.4,NA,NA,FdPl - Pinegrass - Feathermoss,17.1,2000,285.7142857,184.4277784
2,2_ 281,S,0,IDFdk3,1,0.6,4,0.4,NA,NA,FdPl - Pinegrass - Feathermoss,17.1,6000,545.4545455,247.2994638
73,73_ 282,S,4000,IDFdk3,1,1,NA,NA,NA,NA,FdPl - Pinegrass - Feathermoss,17.1,1000,1000,NA
211,211_ 283,S,4000,IDFdk3,1,1,NA,NA,NA,NA,FdPl - Pinegrass - Feathermoss,17.1,62000,15500,4444.097209
189,189_ 284,S,0,IDFdk3,1,0.8,8,0.2,NA,NA,FdPl - Pinegrass - Feathermoss,17.1,52000,17333.33333,3844.187532
174,174_ 285,S,0,IDFdk3,5,0.8,8,0.2,NA,NA,Fd - Feathermoss - Step moss,15,8000,1600,927.3618495
196,196_ 286,S,7000,IDFdk3,8,1,NA,NA,NA,NA,SxwFd - Prickly rose - Sarsaparilla,21.9,22000,3142.857143,1518.592259
202,202_ 288,S,0,IDFdk3,1,1,NA,NA,NA,NA,FdPl - Pinegrass - Feathermoss,17.1,93000,7750,3186.441446
149,149_ 289,S,1000,IDFdk3,1,0.6,4,0.4,NA,NA,FdPl - Pinegrass - Feathermoss,17.1,0,0,0
115,115_ 290,S,2000,IDFdk3,5,0.5,1,0.4,8,0.1,Fd - Feathermoss - Step moss,15,60000,5000,2549.509757
174,174_ 291,S,0,IDFdk3,5,0.8,8,0.2,NA,NA,Fd - Feathermoss - Step moss,15,8000,1600,927.3618495
2,2_ 292,S,0,IDFdk3,1,0.6,4,0.4,NA,NA,FdPl - Pinegrass - Feathermoss,17.1,6000,545.4545455,247.2994638
118,118_ 294,S,0,IDFdk3,5,0.5,1,0.4,8,0.1,Fd - Feathermoss - Step moss,15,6000,2000,1527.525232
163,163_ 295,S,0,IDFdk3,1,0.8,8,0.2,NA,NA,FdPl - Pinegrass - Feathermoss,17.1,2000,2000,NA
173,173_ 296,S,0,IDFdk3,7,0.8,5,0.1,8,0.1,SxwFd - Prickly rose - Sedge,20.2,10000,2500,957.4271078
185,185_ 297,N,2000,IDFdk3,1,1,NA,NA,NA,NA,FdPl - Pinegrass - Feathermoss,17.1,54000,6750,1687.665336
83,83_ 298,S,0,IDFdk3,1,1,NA,NA,NA,NA,FdPl - Pinegrass - Feathermoss,17.1,48000,48000,NA
155,155_ 299,N,0,IDFdk3,8,0.8,1,0.2,NA,NA,SxwFd - Prickly rose - Sarsaparilla,21.9,55000,3928.571429,1427.609566
114,114_ 300,S,0,IDFdk3,NA,NA,NA,NA,NA,NA,NA,NA,0,0,0
169,169_ 301,S,1000,IDFdk3,8,1,NA,NA,NA,NA,SxwFd - Prickly rose - Sarsaparilla,21.9,0,0,0
123,123_ 302,S,0,IDFdk3,1,1,NA,NA,NA,NA,FdPl - Pinegrass - Feathermoss,17.1,4000,1333.333333,666.6666667
118,118_ 303,N,0,IDFdk3,5,0.5,1,0.4,8,0.1,Fd - Feathermoss - Step moss,15,6000,2000,1527.525232
21,21_ 304,S,0,IDFdk3,1,0.6,4,0.4,NA,NA,FdPl - Pinegrass - Feathermoss,17.1,4000,1333.333333,1333.333333
184,184_ 306,S,0,IDFdk3,1,1,NA,NA,NA,NA,FdPl - Pinegrass - Feathermoss,17.1,3000,3000,NA
202,202_ 307,S,0,IDFdk3,1,0.8,8,0.2,NA,NA,FdPl - Pinegrass - Feathermoss,17.1,93000,7750,3186.441446
169,169_ 309,S,1000,IDFdk3,8,1,NA,NA,NA,NA,SxwFd - Prickly rose - Sarsaparilla,21.9,0,0,0
194,194_ 310,S,0,IDFdk3,1,1,NA,NA,NA,NA,FdPl - Pinegrass - Feathermoss,17.1,3000,1500,500
180,180_ 311,S,9000,IDFdk3,1,0.8,8,0.2,NA,NA,FdPl - Pinegrass - Feathermoss,17.1,62000,20666.66667,6984.108947
20,20_ 312,S,3000,IDFdk3,1,0.6,4,0.4,NA,NA,FdPl - Pinegrass - Feathermoss,17.1,3000,230.7692308,121.6260639
196,196_ 313,S,14000,IDFdk3,8,1,NA,NA,NA,NA,SxwFd - Prickly rose - Sarsaparilla,21.9,22000,3142.857143,1518.592259
111,111_ 314,S,4000,IDFdk3,8,0.7,1,0.2,7,0.1,SxwFd - Prickly rose - Sarsaparilla,21.9,70000,5000,2277.457615
115,115_ 315,S,0,IDFdk3,5,0.5,1,0.4,8,0.1,Fd - Feathermoss - Step moss,15,60000,5000,2549.509757
239,239_ 316,S,12000,IDFdk3,1,1,NA,NA,NA,NA,FdPl - Pinegrass - Feathermoss,17.1,3000,1500,1500
2,2_ 317,N,1000,IDFdk3,1,0.6,4,0.4,NA,NA,FdPl - Pinegrass - Feathermoss,17.1,6000,545.4545455,247.2994638
230,230_ 318,S,2000,IDFdk3,1,1,NA,NA,NA,NA,FdPl - Pinegrass - Feathermoss,17.1,5000,2500,2500
206,206_ 319,S,2000,IDFdk3,1,1,NA,NA,NA,NA,FdPl - Pinegrass - Feathermoss,17.1,35000,5833.333333,2427.847698
178,178_ 320,N,8000,IDFdk3,1,1,NA,NA,NA,NA,FdPl - Pinegrass - Feathermoss,17.1,11000,5500,4500
216,216_ 322,N,14000,IDFdk3,1,1,NA,NA,NA,NA,FdPl - Pinegrass - Feathermoss,17.1,68000,7555.555556,3555.555556
210,210_ 323,N,2000,IDFdk3,NA,NA,NA,NA,NA,NA,NA,NA,33000,16500,11500
20,20_ 324,N,1000,IDFdk3,1,0.6,4,0.4,NA,NA,FdPl - Pinegrass - Feathermoss,17.1,3000,230.7692308,121.6260639
172,172_ 326,N,1000,IDFdk3,NA,NA,NA,NA,NA,NA,NA,NA,0,0,0
76,76_ 327,N,39000,IDFdk3,1,1,NA,NA,NA,NA,FdPl - Pinegrass - Feathermoss,17.1,68000,5230.769231,1925.383232
174,174_ 328,N,5000,IDFdk3,5,0.8,8,0.2,NA,NA,Fd - Feathermoss - Step moss,15,8000,1600,927.3618495
200,200_ 329,N,1000,IDFdk3,1,1,NA,NA,NA,NA,FdPl - Pinegrass - Feathermoss,17.1,12000,6000,3000
2,2_ 330,S,9000,IDFdk3,1,0.6,4,0.4,NA,NA,FdPl - Pinegrass - Feathermoss,17.1,6000,545.4545455,247.2994638
170,170_ 332,S,1000,IDFdk3,5,1,NA,NA,NA,NA,Fd - Feathermoss - Step moss,15,0,0,0
5,5_ 333,S,0,IDFdk3,8,0.6,1,0.3,4,0.1,SxwFd - Prickly rose - Sarsaparilla,21.9,20000,1111.111111,434.5299383
134,134_ 334,S,0,IDFdk3,1,0.9,4,0.1,NA,NA,FdPl - Pinegrass - Feathermoss,17.1,3000,428.5714286,428.5714286
19,19_ 336,S,0,IDFdk3,1,0.6,4,0.4,NA,NA,FdPl - Pinegrass - Feathermoss,17.1,0,0,NA
114,114_ 337,S,8000,IDFdk3,NA,NA,NA,NA,NA,NA,NA,NA,0,0,0
151,151_ 338,S,7000,IDFdk3,8,0.5,4,0.3,5,0.2,SxwFd - Prickly rose - Sarsaparilla,21.9,0,0,0
76,76_ 339,S,0,IDFdk3,1,1,NA,NA,NA,NA,FdPl - Pinegrass - Feathermoss,17.1,68000,5230.769231,1925.383232
235,235_ 340,S,17000,IDFdk3,1,1,NA,NA,NA,NA,FdPl - Pinegrass - Feathermoss,17.1,3000,3000,NA
175,175_ 341,S,6000,IDFdk3,1,1,NA,NA,NA,NA,FdPl - Pinegrass - Feathermoss,17.1,36000,2769.230769,1172.078179
136,136_ 342,S,2000,IDFdk3,1,0.9,4,0.1,NA,NA,FdPl - Pinegrass - Feathermoss,17.1,0,0,0
133,133_ 343,S,4000,IDFdk3,1,0.9,4,0.1,NA,NA,FdPl - Pinegrass - Feathermoss,17.1,2000,666.6666667,333.3333333
216,216_ 344,N,6000,IDFdk3,1,1,NA,NA,NA,NA,FdPl - Pinegrass - Feathermoss,17.1,68000,7555.555556,3555.555556
148,148_ 346,S,6000,IDFdk3,1,0.9,4,0.1,NA,NA,FdPl - Pinegrass - Feathermoss,17.1,0,0,0
113,113_ 347,S,0,IDFdk3,1,0.8,8,0.2,NA,NA,FdPl - Pinegrass - Feathermoss,17.1,8000,4000,3000
105,105_ 348,S,4000,IDFdk3,8,0.6,7,0.2,1,0.2,SxwFd - Prickly rose - Sarsaparilla,21.9,11000,1833.333333,1447.219556
151,151_ 350,S,5000,IDFdk3,8,0.5,4,0.3,5,0.2,SxwFd - Prickly rose - Sarsaparilla,21.9,0,0,0
185,185_ 351,S,28000,IDFdk3,1,0.6,8,0.4,NA,NA,FdPl - Pinegrass - Feathermoss,17.1,54000,6750,1687.665336
148,148_ 352,S,9000,IDFdk3,1,0.9,4,0.1,NA,NA,FdPl - Pinegrass - Feathermoss,17.1,0,0,0
115,115_ 353,S,8000,IDFdk3,5,0.5,1,0.4,8,0.1,Fd - Feathermoss - Step moss,15,60000,5000,2549.509757
156,156_ 354,S,18000,IDFdk3,8,0.8,1,0.2,NA,NA,SxwFd - Prickly rose - Sarsaparilla,21.9,3000,1500,1500
201,201_ 355,S,27000,IDFdk3,1,1,NA,NA,NA,NA,FdPl - Pinegrass - Feathermoss,17.1,18000,9000,5000
213,213_ 356,S,2000,IDFdk3,1,1,NA,NA,NA,NA,FdPl - Pinegrass - Feathermoss,17.1,5000,1000,632.455532
144,144_ 358,S,0,IDFdk3,1,0.9,4,0.1,NA,NA,FdPl - Pinegrass - Feathermoss,17.1,0,0,0
76,76_ 359,S,3000,IDFdk3,1,1,NA,NA,NA,NA,FdPl - Pinegrass - Feathermoss,17.1,68000,5230.769231,1925.383232
94,94_ 360,S,0,IDFdk3,1,1,NA,NA,NA,NA,FdPl - Pinegrass - Feathermoss,17.1,0,0,0
183,183_ 363,S,6000,IDFdk3,1,1,NA,NA,NA,NA,FdPl - Pinegrass - Feathermoss,17.1,2000,2000,NA
201,201_ 364,S,27000,IDFdk3,1,1,NA,NA,NA,NA,FdPl - Pinegrass - Feathermoss,17.1,18000,9000,5000
194,194_ 365,S,0,IDFdk3,1,1,NA,NA,NA,NA,FdPl - Pinegrass - Feathermoss,17.1,3000,1500,500
114,114_ 366,S,2000,IDFdk3,NA,NA,NA,NA,NA,NA,NA,NA,0,0,0
76,76_ 367,S,25000,IDFdk3,1,1,NA,NA,NA,NA,FdPl - Pinegrass - Feathermoss,17.1,68000,5230.769231,1925.383232
182,182_ 368,S,0,IDFdk3,7,0.8,5,0.1,8,0.1,SxwFd - Prickly rose - Sedge,20.2,0,0,NA
155,155_ 369,S,1000,IDFdk3,8,0.8,1,0.2,NA,NA,SxwFd - Prickly rose - Sarsaparilla,21.9,55000,3928.571429,1427.609566
225,225_ 370,S,0,IDFdk3,1,1,NA,NA,NA,NA,FdPl - Pinegrass - Feathermoss,17.1,9000,3000,2516.611478
223,223_ 371,S,0,IDFdk3,1,1,NA,NA,NA,NA,FdPl - Pinegrass - Feathermoss,17.1,2000,2000,NA
160,160_ 373,S,2000,IDFdk3,1,0.8,8,0.2,NA,NA,FdPl - Pinegrass - Feathermoss,17.1,0,0,0
88,88_ 375,S,0,IDFdk3,1,1,NA,NA,NA,NA,FdPl - Pinegrass - Feathermoss,17.1,45000,11250,7465.197028
134,134_ 376,S,1000,IDFdk3,1,0.9,4,0.1,NA,NA,FdPl - Pinegrass - Feathermoss,17.1,3000,428.5714286,428.5714286
21,21_ 377,S,3000,IDFdk3,1,0.6,4,0.4,NA,NA,FdPl - Pinegrass - Feathermoss,17.1,4000,1333.333333,1333.333333
220,220_ 378,S,0,IDFdk3,1,1,NA,NA,NA,NA,FdPl - Pinegrass - Feathermoss,17.1,33000,4125,2239.559108
216,216_ 379,S,1000,IDFdk3,1,1,NA,NA,NA,NA,FdPl - Pinegrass - Feathermoss,17.1,68000,7555.555556,3555.555556
134,134_ 380,S,19000,IDFdk3,1,0.9,4,0.1,NA,NA,FdPl - Pinegrass - Feathermoss,17.1,3000,428.5714286,428.5714286
175,175_ 381,S,3000,IDFdk3,1,1,NA,NA,NA,NA,FdPl - Pinegrass - Feathermoss,17.1,36000,2769.230769,1172.078179
12,12_ 382,S,0,IDFdk3,1,0.6,4,0.4,NA,NA,FdPl - Pinegrass - Feathermoss,17.1,0,0,NA
239,239_ 383,S,3000,IDFdk3,1,1,NA,NA,NA,NA,FdPl - Pinegrass - Feathermoss,17.1,3000,1500,1500
107,107_ 384,S,6000,IDFdk3,NA,NA,NA,NA,NA,NA,NA,NA,0,0,NA
8,8_ 385,S,0,IDFdk3,8,0.6,1,0.3,4,0.1,SxwFd - Prickly rose - Sarsaparilla,21.9,3000,600,244.9489743
199,199_ 386,N,1000,IDFdk3,1,1,NA,NA,NA,NA,FdPl - Pinegrass - Feathermoss,17.1,11000,2750,1701.714821
125,125_ 387,S,2000,IDFdk3,1,0.7,4,0.3,NA,NA,FdPl - Pinegrass - Feathermoss,17.1,8000,4000,4000
112,112_ 388,N,8000,IDFdk3,1,0.8,8,0.2,NA,NA,FdPl - Pinegrass - Feathermoss,17.1,9000,1800,800
8,8_ 389,N,0,IDFdk3,1,0.6,4,0.4,NA,NA,FdPl - Pinegrass - Feathermoss,17.1,3000,600,244.9489743
35,35_ 390,N,1000,IDFdk3,1,0.6,4,0.4,NA,NA,FdPl - Pinegrass - Feathermoss,17.1,1000,500,500
105,105_ 391,N,9000,IDFdk3,8,0.6,7,0.2,1,0.2,SxwFd - Prickly rose - Sarsaparilla,21.9,11000,1833.333333,1447.219556
233,233_ 392,S,3000,IDFdk3,1,1,NA,NA,NA,NA,FdPl - Pinegrass - Feathermoss,17.1,0,0,NA
111,111_ 393,S,1000,IDFdk3,1,0.8,8,0.2,NA,NA,FdPl - Pinegrass - Feathermoss,17.1,70000,5000,2277.457615
111,111_ 394,N,3000,IDFdk3,8,0.7,1,0.2,7,0.1,SxwFd - Prickly rose - Sarsaparilla,21.9,70000,5000,2277.457615
167,167_ 396,S,4000,IDFdk3,5,1,NA,NA,NA,NA,Fd - Feathermoss - Step moss,15,0,0,0
228,228_ 399,N,0,IDFdk3,1,1,NA,NA,NA,NA,FdPl - Pinegrass - Feathermoss,17.1,3000,3000,NA
204,204_ 401,N,9000,IDFdk3,1,1,NA,NA,NA,NA,FdPl - Pinegrass - Feathermoss,17.1,10000,5000,4000
197,197_ 404,N,0,IDFdk3,1,1,NA,NA,NA,NA,FdPl - Pinegrass - Feathermoss,17.1,4000,4000,NA
140,140_ 405,N,3000,IDFdk3,1,0.9,4,0.1,NA,NA,FdPl - Pinegrass - Feathermoss,17.1,1000,1000,NA
229,229_ 406,N,0,IDFdk3,1,1,NA,NA,NA,NA,FdPl - Pinegrass - Feathermoss,17.1,4000,2000,2000
87,87_ 408,S,1000,IDFdk3,1,1,NA,NA,NA,NA,FdPl - Pinegrass - Feathermoss,17.1,1000,1000,NA
5,5_ 409,S,0,IDFdk3,1,0.6,4,0.4,NA,NA,FdPl - Pinegrass - Feathermoss,17.1,20000,1111.111111,434.5299383
172,172_ 410,S,2000,IDFdk3,9,1,NA,NA,NA,NA,Sxw - Horsetail - Glow moss,NA,0,0,0
220,220_ 411,S,0,IDFdk3,1,1,NA,NA,NA,NA,FdPl - Pinegrass - Feathermoss,17.1,33000,4125,2239.559108
81,81_ 412,S,1000,IDFdk3,1,1,NA,NA,NA,NA,FdPl - Pinegrass - Feathermoss,17.1,0,0,0
111,111_ 413,S,0,IDFdk3,8,0.7,1,0.2,7,0.1,SxwFd - Prickly rose - Sarsaparilla,21.9,70000,5000,2277.457615
187,187_ 414,S,0,IDFdk3,7,0.8,5,0.1,8,0.1,SxwFd - Prickly rose - Sedge,20.2,1000,1000,NA
5,5_ 415,S,3000,IDFdk3,1,0.6,4,0.4,NA,NA,FdPl - Pinegrass - Feathermoss,17.1,20000,1111.111111,434.5299383
92,92_ 417,S,0,IDFdk3,1,0.6,4,0.4,NA,NA,FdPl - Pinegrass - Feathermoss,17.1,0,0,NA
105,105_ 418,S,0,IDFdk3,8,0.6,7,0.2,1,0.2,SxwFd - Prickly rose - Sarsaparilla,21.9,11000,1833.333333,1447.219556
115,115_ 419,S,0,IDFdk3,5,0.5,1,0.4,8,0.1,Fd - Feathermoss - Step moss,15,60000,5000,2549.509757
5,5_ 420,S,0,IDFdk3,1,0.6,4,0.4,NA,NA,FdPl - Pinegrass - Feathermoss,17.1,20000,1111.111111,434.5299383
112,112_ 421,S,0,IDFdk3,8,0.7,1,0.2,7,0.1,SxwFd - Prickly rose - Sarsaparilla,21.9,9000,1800,800
213,213_ 422,S,0,IDFdk3,1,1,NA,NA,NA,NA,FdPl - Pinegrass - Feathermoss,17.1,5000,1000,632.455532
202,202_ 423,S,0,IDFdk3,1,1,NA,NA,NA,NA,FdPl - Pinegrass - Feathermoss,17.1,93000,7750,3186.441446
196,196_ 424,N,0,IDFdk3,8,1,NA,NA,NA,NA,SxwFd - Prickly rose - Sarsaparilla,21.9,22000,3142.857143,1518.592259
111,111_ 425,S,0,IDFdk3,8,0.7,1,0.2,7,0.1,SxwFd - Prickly rose - Sarsaparilla,21.9,70000,5000,2277.457615
142,142_ 427,S,5000,IDFdk3,1,0.9,4,0.1,NA,NA,FdPl - Pinegrass - Feathermoss,17.1,0,0,0
20,20_ 428,S,0,IDFdk3,1,0.6,4,0.4,NA,NA,FdPl - Pinegrass - Feathermoss,17.1,3000,230.7692308,121.6260639
31,31_ 429,S,0,IDFdk3,1,0.6,4,0.4,NA,NA,FdPl - Pinegrass - Feathermoss,17.1,5000,714.2857143,714.2857143
134,134_ 430,N,0,IDFdk3,1,0.9,4,0.1,NA,NA,FdPl - Pinegrass - Feathermoss,17.1,3000,428.5714286,428.5714286
175,175_ 431,S,0,IDFdk3,1,1,NA,NA,NA,NA,FdPl - Pinegrass - Feathermoss,17.1,36000,2769.230769,1172.078179
21,21_ 432,S,0,IDFdk3,1,0.6,4,0.4,NA,NA,FdPl - Pinegrass - Feathermoss,17.1,4000,1333.333333,1333.333333
175,175_ 433,S,1000,IDFdk3,1,1,NA,NA,NA,NA,FdPl - Pinegrass - Feathermoss,17.1,36000,2769.230769,1172.078179
2,2_ 434,S,0,IDFdk3,1,0.6,4,0.4,NA,NA,FdPl - Pinegrass - Feathermoss,17.1,6000,545.4545455,247.2994638
213,213_ 435,S,0,IDFdk3,1,1,NA,NA,NA,NA,FdPl - Pinegrass - Feathermoss,17.1,5000,1000,632.455532
220,220_ 436,S,0,IDFdk3,1,1,NA,NA,NA,NA,FdPl - Pinegrass - Feathermoss,17.1,33000,4125,2239.559108
202,202_ 437,S,0,IDFdk3,1,1,NA,NA,NA,NA,FdPl - Pinegrass - Feathermoss,17.1,93000,7750,3186.441446
111,111_ 439,S,0,IDFdk3,8,0.7,1,0.2,7,0.1,SxwFd - Prickly rose - Sarsaparilla,21.9,70000,5000,2277.457615
155,155_ 440,S,0,IDFdk3,1,0.8,8,0.2,NA,NA,FdPl - Pinegrass - Feathermoss,17.1,55000,3928.571429,1427.609566
76,76_ 441,S,0,IDFdk3,1,1,NA,NA,NA,NA,FdPl - Pinegrass - Feathermoss,17.1,68000,5230.769231,1925.383232
94,94_ 442,S,0,IDFdk3,1,1,NA,NA,NA,NA,FdPl - Pinegrass - Feathermoss,17.1,0,0,0
175,175_ 443,S,0,IDFdk3,1,1,NA,NA,NA,NA,FdPl - Pinegrass - Feathermoss,17.1,36000,2769.230769,1172.078179
155,155_ 444,S,0,IDFdk3,8,0.8,1,0.2,NA,NA,SxwFd - Prickly rose - Sarsaparilla,21.9,55000,3928.571429,1427.609566
196,196_ 445,N,0,IDFdk3,8,1,NA,NA,NA,NA,SxwFd - Prickly rose - Sarsaparilla,21.9,22000,3142.857143,1518.592259
155,155_ 446,S,0,IDFdk3,8,0.8,1,0.2,NA,NA,SxwFd - Prickly rose - Sarsaparilla,21.9,55000,3928.571429,1427.609566
142,142_ 447,N,0,IDFdk3,8,1,NA,NA,NA,NA,SxwFd - Prickly rose - Sarsaparilla,21.9,0,0,0
35,35_ 448,N,0,IDFdk3,1,0.6,4,0.4,NA,NA,FdPl - Pinegrass - Feathermoss,17.1,1000,500,500
175,175_ 449,N,1000,IDFdk3,1,1,NA,NA,NA,NA,FdPl - Pinegrass - Feathermoss,17.1,36000,2769.230769,1172.078179
210,210_ 450,S,0,IDFdk3,1,1,NA,NA,NA,NA,FdPl - Pinegrass - Feathermoss,17.1,33000,16500,11500
155,155_ 451,S,0,IDFdk3,8,0.8,1,0.2,NA,NA,SxwFd - Prickly rose - Sarsaparilla,21.9,55000,3928.571429,1427.609566
81,81_ 453,N,0,IDFdk3,1,1,NA,NA,NA,NA,FdPl - Pinegrass - Feathermoss,17.1,0,0,0
95,95_ 454,N,0,IDFdk3,1,1,NA,NA,NA,NA,FdPl - Pinegrass - Feathermoss,17.1,1000,250,250
236,236_ 455,S,0,IDFdk3,1,1,NA,NA,NA,NA,FdPl - Pinegrass - Feathermoss,17.1,1000,333.3333333,333.3333333
89,89_ 456,S,0,IDFdk3,1,0.6,4,0.4,NA,NA,FdPl - Pinegrass - Feathermoss,17.1,0,0,0
175,175_ 457,S,0,IDFdk3,1,1,NA,NA,NA,NA,FdPl - Pinegrass - Feathermoss,17.1,36000,2769.230769,1172.078179
213,213_ 460,S,0,IDFdk3,1,1,NA,NA,NA,NA,FdPl - Pinegrass - Feathermoss,17.1,5000,1000,632.455532
115,115_ 461,S,0,IDFdk3,5,0.5,1,0.4,8,0.1,Fd - Feathermoss - Step moss,15,60000,5000,2549.509757
187,187_ 463,S,6000,IDFdk3,5,0.8,8,0.2,NA,NA,Fd - Feathermoss - Step moss,15,1000,1000,NA
167,167_ 464,S,0,IDFdk3,5,1,NA,NA,NA,NA,Fd - Feathermoss - Step moss,15,0,0,0
170,170_ 465,S,0,IDFdk3,5,1,NA,NA,NA,NA,Fd - Feathermoss - Step moss,15,0,0,0
187,187_ 466,S,0,IDFdk3,7,0.8,5,0.1,8,0.1,SxwFd - Prickly rose - Sedge,20.2,1000,1000,NA
208,208_ 467,S,0,IDFdk3,1,1,NA,NA,NA,NA,FdPl - Pinegrass - Feathermoss,17.1,NA,NA,NA
202,202_ 468,S,0,IDFdk3,1,1,NA,NA,NA,NA,FdPl - Pinegrass - Feathermoss,17.1,93000,7750,3186.441446
31,31_ 470,S,0,IDFdk3,1,0.6,4,0.4,NA,NA,FdPl - Pinegrass - Feathermoss,17.1,5000,714.2857143,714.2857143
155,155_ 471,S,1000,IDFdk3,8,0.8,1,0.2,NA,NA,SxwFd - Prickly rose - Sarsaparilla,21.9,55000,3928.571429,1427.609566
205,205_ 472,S,0,IDFdk3,1,1,NA,NA,NA,NA,FdPl - Pinegrass - Feathermoss,17.1,16000,2000,1210.076739
75,75_ 473,S,3000,IDFdk3,1,1,NA,NA,NA,NA,FdPl - Pinegrass - Feathermoss,17.1,6000,2000,1527.525232
111,111_ 474,S,0,IDFdk3,1,0.8,8,0.2,NA,NA,FdPl - Pinegrass - Feathermoss,17.1,70000,5000,2277.457615
76,76_ 476,S,2000,IDFdk3,1,1,NA,NA,NA,NA,FdPl - Pinegrass - Feathermoss,17.1,68000,5230.769231,1925.383232
5,5_ 477,S,0,IDFdk3,8,0.6,1,0.3,4,0.1,SxwFd - Prickly rose - Sarsaparilla,21.9,20000,1111.111111,434.5299383
220,220_ 479,S,1000,IDFdk3,1,1,NA,NA,NA,NA,FdPl - Pinegrass - Feathermoss,17.1,33000,4125,2239.559108
119,119_ 480,N,0,IDFdk3,NA,NA,NA,NA,NA,NA,NA,NA,1000,250,250
81,81_ 482,N,0,IDFdk3,1,1,NA,NA,NA,NA,FdPl - Pinegrass - Feathermoss,17.1,0,0,0
20,20_ 483,S,5000,IDFdk3,1,0.6,4,0.4,NA,NA,FdPl - Pinegrass - Feathermoss,17.1,3000,230.7692308,121.6260639
20,20_ 484,S,0,IDFdk3,1,0.6,4,0.4,NA,NA,FdPl - Pinegrass - Feathermoss,17.1,3000,230.7692308,121.6260639
157,157_ 485,S,0,IDFdk3,1,0.8,8,0.2,NA,NA,FdPl - Pinegrass - Feathermoss,17.1,71000,35500,9500
2,2_ 486,S,0,IDFdk3,1,0.6,4,0.4,NA,NA,FdPl - Pinegrass - Feathermoss,17.1,6000,545.4545455,247.2994638
111,111_ 487,S,0,IDFdk3,8,0.7,1,0.2,7,0.1,SxwFd - Prickly rose - Sarsaparilla,21.9,70000,5000,2277.457615
114,114_ 488,S,0,IDFdk3,NA,NA,NA,NA,NA,NA,NA,NA,0,0,0
154,154_ 490,S,0,IDFdk3,8,0.8,1,0.2,NA,NA,SxwFd - Prickly rose - Sarsaparilla,21.9,1000,1000,NA
20,20_ 491,S,0,IDFdk3,1,0.6,4,0.4,NA,NA,FdPl - Pinegrass - Feathermoss,17.1,3000,230.7692308,121.6260639
106,106_ 492,S,3000,IDFdk3,8,0.6,7,0.2,1,0.2,SxwFd - Prickly rose - Sarsaparilla,21.9,10000,5000,2000
26,26_ 494,S,0,IDFdk3,1,0.6,4,0.4,NA,NA,FdPl - Pinegrass - Feathermoss,17.1,0,0,0
139,139_ 495,S,2000,IDFdk3,1,0.9,4,0.1,NA,NA,FdPl - Pinegrass - Feathermoss,17.1,0,0,0
111,111_ 496,S,0,IDFdk3,8,0.7,1,0.2,7,0.1,SxwFd - Prickly rose - Sarsaparilla,21.9,70000,5000,2277.457615
175,175_ 497,S,1000,IDFdk3,1,1,NA,NA,NA,NA,FdPl - Pinegrass - Feathermoss,17.1,36000,2769.230769,1172.078179
17,17_ 498,S,0,IDFdk3,1,0.6,4,0.4,NA,NA,FdPl - Pinegrass - Feathermoss,17.1,2000,285.7142857,184.4277784
151,151_ 499,S,15000,IDFdk3,8,0.5,4,0.3,5,0.2,SxwFd - Prickly rose - Sarsaparilla,21.9,0,0,0
175,175_ 500,S,6000,IDFdk3,1,1,NA,NA,NA,NA,FdPl - Pinegrass - Feathermoss,17.1,36000,2769.230769,1172.078179
237,237_ 501,S,0,IDFdk3,1,1,NA,NA,NA,NA,FdPl - Pinegrass - Feathermoss,17.1,3000,1000,577.3502692
85,85_ 502,N,0,IDFdk3,1,1,NA,NA,NA,NA,FdPl - Pinegrass - Feathermoss,17.1,38000,9500,4645.786622
2,2_ 503,N,2000,IDFdk3,1,0.6,4,0.4,NA,NA,FdPl - Pinegrass - Feathermoss,17.1,6000,545.4545455,247.2994638
31,31_ 504,N,2000,IDFdk3,1,0.6,4,0.4,NA,NA,FdPl - Pinegrass - Feathermoss,17.1,5000,714.2857143,714.2857143
177,177_ 505,S,1000,IDFdk3,1,1,NA,NA,NA,NA,FdPl - Pinegrass - Feathermoss,17.1,7000,2333.333333,1452.966315
199,199_ 506,S,1000,IDFdk3,1,0.8,8,0.2,NA,NA,FdPl - Pinegrass - Feathermoss,17.1,11000,2750,1701.714821
219,219_ 507,N,1000,IDFdk3,1,1,NA,NA,NA,NA,FdPl - Pinegrass - Feathermoss,17.1,3000,3000,NA
236,236_ 509,S,0,IDFdk3,1,1,NA,NA,NA,NA,FdPl - Pinegrass - Feathermoss,17.1,1000,333.3333333,333.3333333
76,76_ 512,S,0,IDFdk3,1,1,NA,NA,NA,NA,FdPl - Pinegrass - Feathermoss,17.1,68000,5230.769231,1925.383232
170,170_ 513,S,0,IDFdk3,5,1,NA,NA,NA,NA,Fd - Feathermoss - Step moss,15,0,0,0
205,205_ 514,S,0,IDFdk3,1,1,NA,NA,NA,NA,FdPl - Pinegrass - Feathermoss,17.1,16000,2000,1210.076739
185,185_ 515,S,1000,IDFdk3,1,1,NA,NA,NA,NA,FdPl - Pinegrass - Feathermoss,17.1,54000,6750,1687.665336
118,118_ 517,S,1000,IDFdk3,5,0.7,8,0.2,1,0.1,Fd - Feathermoss - Step moss,15,6000,2000,1527.525232
157,157_ 518,S,0,IDFdk3,1,0.8,8,0.2,NA,NA,FdPl - Pinegrass - Feathermoss,17.1,71000,35500,9500
77,77_ 519,S,0,IDFdk3,1,1,NA,NA,NA,NA,FdPl - Pinegrass - Feathermoss,17.1,NA,NA,NA
136,136_ 520,S,0,IDFdk3,1,0.9,4,0.1,NA,NA,FdPl - Pinegrass - Feathermoss,17.1,0,0,0
117,117_ 521,S,0,IDFdk3,1,0.8,8,0.2,NA,NA,FdPl - Pinegrass - Feathermoss,17.1,0,0,NA
2,2_ 522,S,1000,IDFdk3,1,0.6,4,0.4,NA,NA,FdPl - Pinegrass - Feathermoss,17.1,6000,545.4545455,247.2994638
87,87_ 523,S,0,IDFdk3,1,1,NA,NA,NA,NA,FdPl - Pinegrass - Feathermoss,17.1,1000,1000,NA
206,206_ 524,S,0,IDFdk3,1,1,NA,NA,NA,NA,FdPl - Pinegrass - Feathermoss,17.1,35000,5833.333333,2427.847698
115,115_ 525,S,0,IDFdk3,5,0.5,1,0.4,8,0.1,Fd - Feathermoss - Step moss,15,60000,5000,2549.509757
185,185_ 526,S,0,IDFdk3,1,0.6,8,0.4,NA,NA,FdPl - Pinegrass - Feathermoss,17.1,54000,6750,1687.665336
84,84_ 527,S,0,IDFdk3,1,1,NA,NA,NA,NA,FdPl - Pinegrass - Feathermoss,17.1,2000,2000,NA
155,155_ 528,S,0,IDFdk3,5,0.7,8,0.2,1,0.1,Fd - Feathermoss - Step moss,15,55000,3928.571429,1427.609566
201,201_ 529,S,0,IDFdk3,1,1,NA,NA,NA,NA,FdPl - Pinegrass - Feathermoss,17.1,18000,9000,5000
202,202_ 530,S,0,IDFdk3,1,1,NA,NA,NA,NA,FdPl - Pinegrass - Feathermoss,17.1,93000,7750,3186.441446
13,13_ 531,S,0,IDFdk3,1,0.6,4,0.4,NA,NA,FdPl - Pinegrass - Feathermoss,17.1,3000,1000,577.3502692
134,134_ 534,S,10000,IDFdk3,1,0.9,4,0.1,NA,NA,FdPl - Pinegrass - Feathermoss,17.1,3000,428.5714286,428.5714286
26,26_ 535,S,1000,IDFdk3,1,0.6,4,0.4,NA,NA,FdPl - Pinegrass - Feathermoss,17.1,0,0,0
194,194_ 536,S,3000,IDFdk3,1,1,NA,NA,NA,NA,FdPl - Pinegrass - Feathermoss,17.1,3000,1500,500
88,88_ 539,S,5000,IDFdk3,1,1,NA,NA,NA,NA,FdPl - Pinegrass - Feathermoss,17.1,45000,11250,7465.197028
81,81_ 540,S,1000,IDFdk3,1,1,NA,NA,NA,NA,FdPl - Pinegrass - Feathermoss,17.1,0,0,0
17,17_ 541,S,0,IDFdk3,1,0.6,4,0.4,NA,NA,FdPl - Pinegrass - Feathermoss,17.1,2000,285.7142857,184.4277784
237,237_ 542,S,1000,IDFdk3,1,1,NA,NA,NA,NA,FdPl - Pinegrass - Feathermoss,17.1,3000,1000,577.3502692
161,161_ 543,S,11000,IDFdk3,8,1,NA,NA,NA,NA,SxwFd - Prickly rose - Sarsaparilla,21.9,34000,34000,NA
150,150_ 544,S,25000,IDFdk3,1,0.6,4,0.4,NA,NA,FdPl - Pinegrass - Feathermoss,17.1,1000,500,500
155,155_ 545,S,0,IDFdk3,8,0.8,1,0.2,NA,NA,SxwFd - Prickly rose - Sarsaparilla,21.9,55000,3928.571429,1427.609566
145,145_ 546,S,1000,IDFdk3,1,0.9,4,0.1,NA,NA,FdPl - Pinegrass - Feathermoss,17.1,0,0,NA
76,76_ 547,S,0,IDFdk3,1,1,NA,NA,NA,NA,FdPl - Pinegrass - Feathermoss,17.1,68000,5230.769231,1925.383232
206,206_ 548,S,0,IDFdk3,1,1,NA,NA,NA,NA,FdPl - Pinegrass - Feathermoss,17.1,35000,5833.333333,2427.847698
88,88_ 550,S,2000,IDFdk3,1,1,NA,NA,NA,NA,FdPl - Pinegrass - Feathermoss,17.1,45000,11250,7465.197028
196,196_ 552,S,11000,IDFdk3,1,0.8,8,0.2,NA,NA,FdPl - Pinegrass - Feathermoss,17.1,22000,3142.857143,1518.592259
216,216_ 553,S,5000,IDFdk3,1,1,NA,NA,NA,NA,FdPl - Pinegrass - Feathermoss,17.1,68000,7555.555556,3555.555556
156,156_ 554,S,0,IDFdk3,8,0.8,1,0.2,NA,NA,SxwFd - Prickly rose - Sarsaparilla,21.9,3000,1500,1500
179,179_ 555,S,1000,IDFdk3,7,0.8,5,0.1,8,0.1,SxwFd - Prickly rose - Sedge,20.2,0,0,NA
124,124_ 556,S,3000,IDFdk3,5,0.7,8,0.2,1,0.1,Fd - Feathermoss - Step moss,15,1000,500,500
189,189_ 557,S,1000,IDFdk3,1,0.8,8,0.2,NA,NA,FdPl - Pinegrass - Feathermoss,17.1,52000,17333.33333,3844.187532
232,232_ 559,S,0,IDFdk3,1,1,NA,NA,NA,NA,FdPl - Pinegrass - Feathermoss,17.1,21000,10500,7500
95,95_ 560,S,1000,IDFdk3,1,1,NA,NA,NA,NA,FdPl - Pinegrass - Feathermoss,17.1,1000,250,250
75,75_ 561,S,1000,IDFdk3,1,1,NA,NA,NA,NA,FdPl - Pinegrass - Feathermoss,17.1,6000,2000,1527.525232
5,5_ 562,S,0,IDFdk3,1,0.6,4,0.4,NA,NA,FdPl - Pinegrass - Feathermoss,17.1,20000,1111.111111,434.5299383
115,115_ 564,S,0,IDFdk3,1,0.8,8,0.2,NA,NA,FdPl - Pinegrass - Feathermoss,17.1,60000,5000,2549.509757
229,229_ 565,S,0,IDFdk3,1,1,NA,NA,NA,NA,FdPl - Pinegrass - Feathermoss,17.1,4000,2000,2000
151,151_ 566,S,0,IDFdk3,8,0.5,4,0.3,5,0.2,SxwFd - Prickly rose - Sarsaparilla,21.9,0,0,0
231,231_ 567,S,0,IDFdk3,1,1,NA,NA,NA,NA,FdPl - Pinegrass - Feathermoss,17.1,9000,4500,4500
105,105_ 570,S,2000,IDFdk3,8,0.6,7,0.2,1,0.2,SxwFd - Prickly rose - Sarsaparilla,21.9,11000,1833.333333,1447.219556
123,123_ 571,S,10000,IDFdk3,1,1,NA,NA,NA,NA,FdPl - Pinegrass - Feathermoss,17.1,4000,1333.333333,666.6666667
105,105_ 572,S,0,IDFdk3,8,0.6,7,0.2,1,0.2,SxwFd - Prickly rose - Sarsaparilla,21.9,11000,1833.333333,1447.219556
213,213_ 573,S,22000,IDFdk3,1,1,NA,NA,NA,NA,FdPl - Pinegrass - Feathermoss,17.1,5000,1000,632.455532
196,196_ 575,S,0,IDFdk3,8,1,NA,NA,NA,NA,SxwFd - Prickly rose - Sarsaparilla,21.9,22000,3142.857143,1518.592259
133,133_ 576,S,1000,IDFdk3,1,0.9,4,0.1,NA,NA,FdPl - Pinegrass - Feathermoss,17.1,2000,666.6666667,333.3333333
185,185_ 577,S,1000,IDFdk3,1,0.8,8,0.2,NA,NA,FdPl - Pinegrass - Feathermoss,17.1,54000,6750,1687.665336
6,6_ 578,S,33000,IDFdk3,1,0.6,4,0.4,NA,NA,FdPl - Pinegrass - Feathermoss,17.1,0,0,0
4,4_ 580,S,9000,IDFdk3,1,0.6,4,0.4,NA,NA,FdPl - Pinegrass - Feathermoss,17.1,0,0,0
17,17_ 581,S,0,IDFdk3,1,0.6,4,0.4,NA,NA,FdPl - Pinegrass - Feathermoss,17.1,2000,285.7142857,184.4277784
172,172_ 582,S,0,IDFdk3,9,1,NA,NA,NA,NA,Sxw - Horsetail - Glow moss,NA,0,0,0
199,199_ 583,S,1000,IDFdk3,1,1,NA,NA,NA,NA,FdPl - Pinegrass - Feathermoss,17.1,11000,2750,1701.714821
205,205_ 584,S,0,IDFdk3,1,1,NA,NA,NA,NA,FdPl - Pinegrass - Feathermoss,17.1,16000,2000,1210.076739
227,227_ 585,S,3000,IDFdk3,1,1,NA,NA,NA,NA,FdPl - Pinegrass - Feathermoss,17.1,1000,1000,NA
216,216_ 586,S,0,IDFdk3,1,1,NA,NA,NA,NA,FdPl - Pinegrass - Feathermoss,17.1,68000,7555.555556,3555.555556
205,205_ 588,S,0,IDFdk3,1,1,NA,NA,NA,NA,FdPl - Pinegrass - Feathermoss,17.1,16000,2000,1210.076739
217,217_ 589,S,0,IDFdk3,1,1,NA,NA,NA,NA,FdPl - Pinegrass - Feathermoss,17.1,5000,1666.666667,881.9171037
6,6_ 591,S,0,IDFdk3,1,0.6,4,0.4,NA,NA,FdPl - Pinegrass - Feathermoss,17.1,0,0,0
5,5_ 595,S,1000,IDFdk3,8,0.6,1,0.3,4,0.1,SxwFd - Prickly rose - Sarsaparilla,21.9,20000,1111.111111,434.5299383
31,31_ 597,S,1000,IDFdk3,1,0.6,4,0.4,NA,NA,FdPl - Pinegrass - Feathermoss,17.1,5000,714.2857143,714.2857143
237,237_ 599,S,1000,IDFdk3,1,1,NA,NA,NA,NA,FdPl - Pinegrass - Feathermoss,17.1,3000,1000,577.3502692
,,S,,,,,,,,,,,,,
,,S,,,,,,,,,,,,,
,,S,,,,,,,,,,,,,
,,S,,,,,,,,,,,,,
,,S,,,,,,,,,,,,,
,,S,,,,,,,,,,,,,
,,S,,,,,,,,,,,,,
,,S,,,,,,,,,,,,,
,,S,,,,,,,,,,,,,
,,S,,,,,,,,,,,,,
,,S,,,,,,,,,,,,,
,,S,,,,,,,,,,,,,
,,S,,,,,,,,,,,,,
,,S,,,,,,,,,,,,,
,,S,,,,,,,,,,,,,
,,S,,,,,,,,,,,,,
,,S,,,,,,,,,,,,,
,,S,,,,,,,,,,,,,
,,S,,,,,,,,,,,,,
,,S,,,,,,,,,,,,,
,,S,,,,,,,,,,,,,
,,S,,,,,,,,,,,,,
,,S,,,,,,,,,,,,,
,,S,,,,,,,,,,,,,
,,S,,,,,,,,,,,,,
,,S,,,,,,,,,,,,,
,,S,,,,,,,,,,,,,
,,S,,,,,,,,,,,,,
,,S,,,,,,,,,,,,,
,,S,,,,,,,,,,,,,
,,S,,,,,,,,,,,,,
,,S,,,,,,,,,,,,,
,,S,,,,,,,,,,,,,
,,S,,,,,,,,,,,,,
,,S,,,,,,,,,,,,,
,,S,,,,,,,,,,,,,
,,S,,,,,,,,,,,,,
,,S,,,,,,,,,,,,,
,,S,,,,,,,,,,,,,
,,S,,,,,,,,,,,,,
,,S,,,,,,,,,,,,,
,,S,,,,,,,,,,,,,
,,S,,,,,,,,,,,,,
,,S,,,,,,,,,,,,,
,,S,,,,,,,,,,,,,
,,S,,,,,,,,,,,,,
,,S,,,,,,,,,,,,,
,,S,,,,,,,,,,,,,
,,S,,,,,,,,,,,,,
,,S,,,,,,,,,,,,,
,,S,,,,,,,,,,,,,
,,S,,,,,,,,,,,,,
,,S,,,,,,,,,,,,,
,,N,,,,,,,,,,,,,
,,S,,,,,,,,,,,,,
,,S,,,,,,,,,,,,,
,,S,,,,,,,,,,,,,
,,S,,,,,,,,,,,,,
,,S,,,,,,,,,,,,,
,,S,,,,,,,,,,,,,
,,S,,,,,,,,,,,,,
,,S,,,,,,,,,,,,,
,,S,,,,,,,,,,,,,
,,S,,,,,,,,,,,,,
,,N,,,,,,,,,,,,,
,,S,,,,,,,,,,,,,
,,N,,,,,,,,,,,,,
,,S,,,,,,,,,,,,,
,,S,,,,,,,,,,,,,
,,S,,,,,,,,,,,,,
,,S,,,,,,,,,,,,,
,,S,,,,,,,,,,,,,
,,S,,,,,,,,,,,,,
,,N,,,,,,,,,,,,,
,,S,,,,,,,,,,,,,
,,S,,,,,,,,,,,,,
,,S,,,,,,,,,,,,,
,,S,,,,,,,,,,,,,
,,S,,,,,,,,,,,,,
,,S,,,,,,,,,,,,,
,,S,,,,,,,,,,,,,
,,S,,,,,,,,,,,,,
,,S,,,,,,,,,,,,,
,,S,,,,,,,,,,,,,
,,N,,,,,,,,,,,,,
,,N,,,,,,,,,,,,,
,,N,,,,,,,,,,,,,
,,N,,,,,,,,,,,,,
,,N,,,,,,,,,,,,,
,,N,,,,,,,,,,,,,
,,N,,,,,,,,,,,,,
,,N,,,,,,,,,,,,,
,,S,,,,,,,,,,,,,
,,S,,,,,,,,,,,,,
,,N,,,,,,,,,,,,,
,,N,,,,,,,,,,,,,
,,S,,,,,,,,,,,,,
,,S,,,,,,,,,,,,,
,,S,,,,,,,,,,,,,
,,S,,,,,,,,,,,,,
,,N,,,,,,,,,,,,,
,,S,,,,,,,,,,,,,
,,S,,,,,,,,,,,,,
,,S,,,,,,,,,,,,,
,,S,,,,,,,,,,,,,
,,S,,,,,,,,,,,,,
,,S,,,,,,,,,,,,,
,,S,,,,,,,,,,,,,
,,S,,,,,,,,,,,,,
,,S,,,,,,,,,,,,,
,,S,,,,,,,,,,,,,
,,S,,,,,,,,,,,,,
,,S,,,,,,,,,,,,,
,,S,,,,,,,,,,,,,
,,S,,,,,,,,,,,,,
,,S,,,,,,,,,,,,,
